location_label,description,charger_href,charger_type,lat,lon
Bruma Valle de Guadalupe,"Carretera Tecate Ensenada Km. 74 Valle de Guadalupe, Ensenada, Baja California 22760",https://www.tesla.com/findus/location/charger/dc20124,charger,32.0446425,-116.5986357
Santuario Diegueño,"798 Río Yaqui, Tecate, Baja California 21420",https://www.tesla.com/findus/location/charger/dc20848,charger,32.5744366,-116.6190991
Encuentro Guadalaupe,"Carretera Tecate- Ensenada Km. 75 Valle de Guadalupe, Ensenada, Baja California 22750",https://www.tesla.com/findus/location/charger/dc17442,charger,32.0446425,-116.5986357
Entre Santos Bodegas de Santo Tomas,"Carretera Ensenada - Tecate Km. 94 San Antonio de las Minas, Ensenada, Baja California 22800",https://www.tesla.com/findus/location/charger/dc23052,charger,31.9671581,-116.659572
Hotel Las Rosas & Spa,"Carretera Tijuana - Ensenada Km 105. 5 El Sauzal, Ensenada, Baja California 22760",https://www.tesla.com/findus/location/charger/dc22950,charger,31.8699206,-116.6770124
Hotel Pueblo Amigo,"9211 Via Oriente Zona del Rio, Tijuana, Baja California 22320",https://www.tesla.com/findus/location/charger/dc15033,charger,32.5288597,-117.0159316
Hotel Punta Morro,"Carretera Tijuana-Ensenada Km. 106, Ensenada, Baja California 22870",https://www.tesla.com/findus/location/charger/dc13438,charger,31.8664093,-116.6621611
Vinas de Garza,"Carretera Tecate - Ensenada Km 87 Valle de Guadalupe, Ensenada, Baja California 22650",https://www.tesla.com/findus/location/charger/dc22948,charger,32.1128117,-116.546857
Cervantes 169,"Blvd. Miguel de Cervantes Saavedra 169 Granada, Miguel Hidalgo, CMX 11520",https://www.tesla.com/findus/location/charger/dc48200,charger,19.4408663,-99.19682
Cipriani Polanco,"Presidente Masaryk 311 Polanco, Miguel Hidalgo, CMX 11550",https://www.tesla.com/findus/location/charger/dc17446,charger,19.4316836,-99.1941283
COPEMSA Colegio M├⌐xico,"Carretera Picacho Ajusco s/n Jardines de la montana, Tlalpan, CMX 14738",https://www.tesla.com/findus/location/charger/dc31378,charger,19.3030172,-99.2075135
Corporativo Lomas Cantabria A.C.,"Cerrada de Palomas 22 Reforma Social, Miguel Hidalgo, CMX 11650",https://www.tesla.com/findus/location/charger/dc17546,charger,19.4339694,-99.2125988
Crater 823,"Crater 823 Jardines del Pedregal, Alvaro Obregon, CMX 1900",https://www.tesla.com/findus/location/charger/dc47267,charger,19.3159782,-99.2114731
Fiesta Americana Grand Chapultepec,"Av. Mariano Escobedo #756 Anzures, Miguel Hidalgo, CMX 11590",https://www.tesla.com/findus/location/charger/dc18523,charger,19.4267876,-99.1791662
Fiesta Americana Reforma,"Paseo de la Reforma 80 Juarez, Cuauhtemoc, CMX 6600",https://www.tesla.com/findus/location/charger/dc18524,charger,19.4323731,-99.1547756
"Four Seasons Hotel Mexico, D.F.","Paseo de la Reforma 500 Juarez, Cuauhtemoc, CMX 6600",https://www.tesla.com/findus/location/charger/dc17448,charger,19.4228446,-99.1739727
Holiday Inn Churubusco,"Rio Churubusco 253 Col. Granjas Mexico, Iztacalco, CMX 8400",https://www.tesla.com/findus/location/charger/dc17948,charger,19.40035,-99.0988039
Hotel Galeria Plaza Reforma,"Hamburgo 195 Colonia Juarez, Cuauhtemoc, CMX 6600",https://www.tesla.com/findus/location/charger/dc23143,charger,19.4249074,-99.1679171
La Cocina el Tras,"Carretera Federal Mexico - Toluca 2685 Palo Alto, Cuajimalpa de Morelos, CMX 5110",https://www.tesla.com/findus/location/charger/dc23959,charger,19.3816165,-99.2540447
Liverpool Polanco,"Mariano Escobedo 425 Polanco, Miguel Hidalgo, CMX 11570",https://www.tesla.com/findus/location/charger/dc24725,charger,19.4266703,-99.1792729
Montes Urales 770,"Montes Urales 770 Lomas de Chapultepec, Miguel Hidalgo, CMX 11000",https://www.tesla.com/findus/location/charger/dc23378,charger,19.4290713,-99.2075807
Patio Claveria,"Calle Egipto 142 Claveria, Azcapotzalco, CMX 2080",https://www.tesla.com/findus/location/charger/dc18525,charger,19.4640399,-99.1817174
Plaza Altavista,"Av. Altavista 147, Alvaro Obregon, CMX 1060",https://www.tesla.com/findus/location/charger/dc19903,charger,19.3484737,-99.1932325
Sanborn's Fuentes Brotantes,"Av. Insurgentes Sur 3996 La Joya, Tlalpan, CMX 6170",https://www.tesla.com/findus/location/charger/dc23775,charger,19.27893,-99.1676597
Sanborn's Tacubaya,"Jose Vasconcelos 106 San Miguel Chapultepec, Miguel Hidalgo, CMX 11850",https://www.tesla.com/findus/location/charger/dc20217,charger,19.4100863,-99.183137
Sanborn's Taxquena,"Av. Miguel Angel de Quevedo 1030 Parque San Andres, Coyoacan, CMX 4040",https://www.tesla.com/findus/location/charger/dc21696,charger,19.3428346,-99.1495221
Sheraton Mexico City Maria Isabel,"325 Paseo de la Reforma Juarez, Cuauhtemoc, CMX 6500",https://www.tesla.com/findus/location/charger/dc14176,charger,19.4309664,-99.1588745
Sheraton Santa Fe Mexico City,"200 Guillermo Gonzalez Camarena, Alvaro Obregon, CMX 1210",https://www.tesla.com/findus/location/charger/dc14188,charger,19.3661404,-99.2642857
St. Regis Mexico City,"439 Paseo de la Reforma, Cuauhtemoc, CMX 6500",https://www.tesla.com/findus/location/charger/dc17348,charger,19.4258034,-99.1723876
Torre Reforma,"Paseo de La Reforma 483, Cuauhtemoc, CMX 6500",https://www.tesla.com/findus/location/charger/dc41582,charger,19.4247518,-99.1744162
Total - Consulado,"Av. Rio Consulado 2884 Pensador Mexicano, Gustavo A madero, CMX 15510",https://www.tesla.com/findus/location/charger/dc55766,charger,19.4458731,-99.0870686
Fiesta Inn Monclova,"Blvd. Harold R. Pape 1909 Fraccionamiento La Salle, Monclova, Coahuila 25730",https://www.tesla.com/findus/location/charger/dc25161,charger,26.9243779,-101.4203893
Hotel Best Western Go Inn Monclova,"Blvd Harold R. Pape 612 Centro, Monclova, Coahuila 25700",https://www.tesla.com/findus/location/charger/dc23116,charger,26.8912842,-101.4237634
Hampton Inn Durango,"Av. Heroico Colegio Militar 101 Nueva Vizcaya, Durango, DUR 34080",https://www.tesla.com/findus/location/charger/dc96542,charger,24.0299425,-104.6426917
Centro Comercial El Triangulo,"Av. de los Bosques 128 Lomas de Tecamachalco, Naucalpan de Juarez, MEX 52780",https://www.tesla.com/findus/location/charger/dc22129,charger,19.4111681,-99.2510066
Club de Golf Bellavista,"Av Valle Verde 52 Club de Golf Bellavista, Ciudad Lopez Mateos, MEX 52995",https://www.tesla.com/findus/location/charger/dc22214,charger,19.5254973,-99.2452519
Cosmopol,"San Francisco Coacalco Bosques del Valle, Coacalco de Berriozabal, MEX 55700",https://www.tesla.com/findus/location/charger/dc61805,charger,19.6515833,-99.1189588
Espacio Interlomas,"Avenida Jesus del Monte 37 Jesus del Monte, Huixquilucan, MEX 52764",https://www.tesla.com/findus/location/charger/dc61793,charger,19.3950719,-99.2891633
Fiesta Inn Loft Irapuato,"Paseo del Atardecer 152 Villas de Irapuato, Irapuato, GUA 36670",https://www.tesla.com/findus/location/charger/dc20708,charger,20.6844293,-101.4139105
Hampton Inn Irapuato,"Boulevard Lazaro Cardenas 4210 Residencial Campestre, Irapuato, GUA 36698",https://www.tesla.com/findus/location/charger/dc27055,charger,20.6773994,-101.367821
Rosewood San Miguel de Allende Mexico,"Calle Nemesio Diez #11 Zona Centro, San Miguel de Allende, GUA 37700",https://www.tesla.com/findus/location/charger/dc17017,charger,20.909345,-100.7448734
Hotel One Acapulco,"Av. Costera Miguel Aleman 16 Costa Azul, Acapulco, GRO 39850",https://www.tesla.com/findus/location/charger/dc17994,charger,16.8542956,-99.8569364
Centro Comercial Plaza del Sol,"Av Lopez Mateos Sur 2375 Ciudad del Sol, Zapopan, JAL 45050",https://www.tesla.com/findus/location/charger/dc26323,charger,20.6495422,-103.4025252
City Express Plus Guadalajara Expo,"Avenida Mariano Otero 1390 Rinconada del Sol, Guadalajara, JAL 45055",https://www.tesla.com/findus/location/charger/dc28570,charger,20.6504345,-103.3992231
Club Privado San Javier,"Paseo de Las Penas 3500 Colinas de San Javier, Guadalajara, JAL 44460",https://www.tesla.com/findus/location/charger/dc19429,charger,20.703772,-103.3973104
Expo Guadalajara,"Av. Mariano Otero 1499 Verde Valle, Guadalajara, JAL 44550",https://www.tesla.com/findus/location/charger/dc19555,charger,20.6530146,-103.3950168
Grand Fiesta Americana Guadalajara Country Club,"Avenida de las Americas 1551 Providencia, Guadalajara, JAL 44630",https://www.tesla.com/findus/location/charger/dc18532,charger,20.6997779,-103.3750077
Holiday Inn Express Guadalajara Expo,"Av Mariano Otero 2397 Victoria, Guadalajara, JAL 45089",https://www.tesla.com/findus/location/charger/dc38869,charger,20.6529604,-103.3953307
Hotel Baruk Guadalajara,"Calzada Lazaro Cardenas 3447 Chapalita, Guadalajara, JAL 44500",https://www.tesla.com/findus/location/charger/dc33045,charger,20.6649786,-103.394341
Patio La Cima,"Av. Juan Gil Preciado 1544 Arcos de Zapopan, Zapopan, JAL 45130",https://www.tesla.com/findus/location/charger/dc38517,charger,20.7386244,-103.4046623
Punto Sao Paolo,"Av. de las Americas 1545 Providencia, Guadalajara, JAL 44630",https://www.tesla.com/findus/location/charger/dc48700,charger,20.7021619,-103.3760195
The Westin Resort & Spa Puerto Vallarta,"Paseo de La Marina Sur 205 Marina Vallarta, Puerto Vallarta, JAL 48354",https://www.tesla.com/findus/location/charger/dc19071,charger,20.6573352,-105.2491337
V├¡a Libertad,"Calle Colonias 221 Americana, Guadalajara, JAL 44160",https://www.tesla.com/findus/location/charger/dc24470,charger,20.6725853,-103.3658723
Westin Gualajara,"2911 Avenida de Las Rosas Rinconada del Bosque, Guadalajara, JAL 44530",https://www.tesla.com/findus/location/charger/dc17439,charger,20.6532711,-103.3893645
WTC Guadalajara,"Avenida Mariano Otero 1249 Rinconada del Bosque, Verde Valle, Guadalajara, JAL 44530",https://www.tesla.com/findus/location/charger/dc32759,charger,20.6530146,-103.3950168
Park Royal Beach Acapulco,"110 Costera Guitarrón, Acapulco de Juárez, Guerrero 39880",https://www.tesla.com/findus/location/charger/476554,charger,16.832855,-99.8550816
El Cielo Resort Valle de Guadalupe,"117 El Porvenir, Francisco Zarco, Baja California 22755",https://www.tesla.com/findus/location/charger/455464,charger,32.0914117,-116.580786
Auditorio General José María Arteaga,"95 Prol. Bernardo Quintana, Santiago de Querétaro, Querétaro 76140",https://www.tesla.com/findus/location/charger/453077,charger,20.5820908,-100.361719
Parque Querétaro 2000,"17 Avenida Universidad, Santiago de Querétaro, Querétaro 76000",https://www.tesla.com/findus/location/charger/453326,charger,20.5977896,-100.3956706
Carlitos Grill and Garden,"Av. Domingo Diez 711 Lomas de la Selva, Cuernavaca, MOR 62250",https://www.tesla.com/findus/location/charger/dc23960,charger,18.9427762,-99.2351505
Hotel Villa Bejar Cuernavaca,"Av. Domingo Diez 2350 Chamilpa, Cuernavaca, MOR 62210",https://www.tesla.com/findus/location/charger/dc25396,charger,18.9591567,-99.2378783
Four Seasons Resort Punta Mita,"Punta Mita Bahia de Banderas, Punta Mita, NAY 63734",https://www.tesla.com/findus/location/charger/dc50165,charger,20.7813959,-105.529442
City Express Plus Monterrey San Jeronimo,"San Jeronimo 311 San Jeronimo, Monterrey, NLE 64640",https://www.tesla.com/findus/location/charger/dc29403,charger,25.6742994,-100.3556269
Fiesta Inn Monterrey La Fe,"Avenida Miguel Aleman km 105 La Fe, San Nicolas de los Garza, NLE 66486",https://www.tesla.com/findus/location/charger/dc18541,charger,25.7196807,-100.2165721
Fiesta Inn Monterrey Tecnologico,"Av. Eugenio Garza Sada 2411 Roma, Monterrey, NLE 64700",https://www.tesla.com/findus/location/charger/dc18542,charger,25.6578874,-100.29635
La Capital,"Calle Washington 1400 Centro, Monterrey, NLE 64000",https://www.tesla.com/findus/location/charger/dc31704,charger,25.6758794,-100.3276064
Live Aqua Monterrey Valle,"Av Lazaro Cardenas 2424 Valle Oriente, San Pedro Garza Garcia, NLE 66260",https://www.tesla.com/findus/location/charger/dc18535,charger,25.6484189,-100.3287429
Pabellon M,"Av. Constitucion S/N Centro, Monterrey, NLE 64000",https://www.tesla.com/findus/location/charger/dc55159,charger,25.6665097,-100.3263788
Plaza Nativa,"Avenida Alfonso Reyes 901 Zona Valle Poniente, San Pedro Garza Garcia, NLE 66233",https://www.tesla.com/findus/location/charger/dc23957,charger,25.6530511,-100.3975026
Plaza O2,"Avenida Jose Vasconcelos 150 Del Valle, San Pedro Garza Garcia, NLE 66220",https://www.tesla.com/findus/location/charger/dc33479,charger,25.6513714,-100.3684539
Plaza XO,"Rio Mississippi 119 Del Valle, San Pedro Garza Garcia, NLE 66220",https://www.tesla.com/findus/location/charger/dc29780,charger,25.6613063,-100.37565
City Express Puebla Autopista,"Guerrero 117 San Juan Cuautlancingo, Sanctorum, San Juan Cuautlancingo, PUE 72730",https://www.tesla.com/findus/location/charger/dc23054,charger,19.0878885,-98.2676688
Hotel Boutique Casa Reyna,"Privada 2 Oriente 1007 Centro, Puebla, PUE 72000",https://www.tesla.com/findus/location/charger/dc28234,charger,19.0398083,-98.1860706
City Express Suites Queretaro,"Av. 5 de Febrero 9852 Las Campanas, Queretaro, QUE 76120",https://www.tesla.com/findus/location/charger/dc29518,charger,20.5891686,-100.4130989
Club de Golf El Campanario,"Av. el Campanario 100 El Campanario, Santiago de Queretaro, QUE 76146",https://www.tesla.com/findus/location/charger/dc45106,charger,20.6157493,-100.357308
Fiesta Inn Queretaro,"Av. 5 de Febrero #108 Ninos Heroes, Queretaro, QUE 76010",https://www.tesla.com/findus/location/charger/dc20450,charger,20.5859315,-100.4113723
Four Points by Sheraton Queretaro Norte,"Carretera San Luis Potosi #13001 El Salitre, Queretaro, QUE 76127",https://www.tesla.com/findus/location/charger/dc29157,charger,20.6585068,-100.4323126
Hilton Garden Inn Queretaro,"Ignacio Zaragoza 99 Centro, Queretaro, QUE 76180",https://www.tesla.com/findus/location/charger/dc26270,charger,20.5905126,-100.386006
Hotel Mision Juriquilla Queretaro,"Boulevard Villas del Meson No. 56 Juriquilla, Queretaro, QUE 76230",https://www.tesla.com/findus/location/charger/dc29873,charger,20.6961409,-100.4400292
Los Cochinitos Queretaro,"Carretera Mexico-Queretaro km. 152 Puerta de Palmillas, San Juan del Rio, QUE 76837",https://www.tesla.com/findus/location/charger/dc39532,charger,20.3136137,-99.9312697
Mision San Gil,"Carretera Mexico-Queretaro Km. 172 La Estancia, San Juan del Rio, QUE 78821",https://www.tesla.com/findus/location/charger/dc25337,charger,20.4264179,-100.0556525
Paseo Santiago,"Paseo de la Garza 87 Santa Fe, Corregidora, QUE 76900",https://www.tesla.com/findus/location/charger/dc17484,charger,20.5901086,-100.4469982
Fiesta Americana Condesa Cancun,"Blvd. Kukulkan km 16.5 Zona Hotelera, Cancun, ROO 77500",https://www.tesla.com/findus/location/charger/dc18547,charger,21.0723711,-86.7790702
Fiesta Inn Playa del Carmen,"10 Avenida Norte 325 Gonzalo Guerrero, Playa del Carmen, ROO 77710",https://www.tesla.com/findus/location/charger/dc23420,charger,20.637157,-87.066103
Grand Fiesta Americana Coral Beach Cancun,"Blvd. Kukulkan Km 9.5 Zona Hotelera, Cancun, ROO 77500",https://www.tesla.com/findus/location/charger/dc18545,charger,21.1382025,-86.7460212
Live Aqua Boutique Resort Playa del Carmen,"Calle Quinta Avenida Playa del Carmen, Playa del Carmen, ROO 77710",https://www.tesla.com/findus/location/charger/dc23419,charger,20.6338404,-87.067342
Live Aqua Cancun,"Blvd. Kukulcan Km.12.5 Zona Hotelera, Cancun, ROO 77500",https://www.tesla.com/findus/location/charger/dc18544,charger,21.1561557,-86.8200911
Westin resort and Spa Cancun,"Blvd. Kukulcan KM 20 Zona Hotelera, Cancun, ROO 77500",https://www.tesla.com/findus/location/charger/dc17456,charger,21.0393878,-86.782182
El Cid Castilla Beach,"Avenida Camaron Sabalo Zona Dorada, Mazatlan, SIN 82110",https://www.tesla.com/findus/location/charger/dc33959,charger,23.2515068,-106.4553615
El Cid Marina Beach,"Avenida Camaron Sabalo S/N, Mazatlan, SIN 82110",https://www.tesla.com/findus/location/charger/dc33960,charger,23.2515068,-106.4553615
Hotel Mision Mazatlan,"Av Camaron Sabalo 1927 Sabalo Country Club, El Encanto, Mazatlan, SIN 82110",https://www.tesla.com/findus/location/charger/dc29874,charger,23.2591668,-106.463237
Fiesta Inn Villahermosa Cencali,"Benito Juarez Garcia 105 Loma Linda, Villahermosa, TAB 86050",https://www.tesla.com/findus/location/charger/dc20707,charger,17.995444,-92.9398527
Estacionamiento Yamel,"Calle 1 16 Centro, Cordoba, VER 94500",https://www.tesla.com/findus/location/charger/dc47581,charger,18.8955988,-96.9340801
Hotel Galeria Plaza Veracruz,"Blvd. Adolfo Ruiz Cortines #3495 Mocambo, Boca del Rio, VER 94294",https://www.tesla.com/findus/location/charger/dc23558,charger,19.1389215,-96.1052131
Hotel Mision Orizaba,"Oriente 6 No. 464 Centro, Orizaba, VER 94300",https://www.tesla.com/findus/location/charger/dc33207,charger,18.8471903,-97.100447
Fiesta Americana Merida,"Paseo Montejo No. 451 Centro, Merida, YUC 97000",https://www.tesla.com/findus/location/charger/dc22473,charger,20.9754976,-89.6196053
Bruma Valle de Guadalupe,"Carretera Tecate Ensenada Km. 74 Valle de Guadalupe, Ensenada, Baja California 22760",https://www.tesla.com/findus/location/charger/dc20124,super_charger,32.0446425,-116.5986357
Santuario Diegueño,"798 Río Yaqui, Tecate, Baja California 21420",https://www.tesla.com/findus/location/charger/dc20848,super_charger,32.5744366,-116.6190991
Encuentro Guadalaupe,"Carretera Tecate- Ensenada Km. 75 Valle de Guadalupe, Ensenada, Baja California 22750",https://www.tesla.com/findus/location/charger/dc17442,super_charger,32.0446425,-116.5986357
Entre Santos Bodegas de Santo Tomas,"Carretera Ensenada - Tecate Km. 94 San Antonio de las Minas, Ensenada, Baja California 22800",https://www.tesla.com/findus/location/charger/dc23052,super_charger,31.9671581,-116.659572
Hotel Las Rosas & Spa,"Carretera Tijuana - Ensenada Km 105. 5 El Sauzal, Ensenada, Baja California 22760",https://www.tesla.com/findus/location/charger/dc22950,super_charger,31.8699206,-116.6770124
Hotel Pueblo Amigo,"9211 Via Oriente Zona del Rio, Tijuana, Baja California 22320",https://www.tesla.com/findus/location/charger/dc15033,super_charger,32.5288597,-117.0159316
Hotel Punta Morro,"Carretera Tijuana-Ensenada Km. 106, Ensenada, Baja California 22870",https://www.tesla.com/findus/location/charger/dc13438,super_charger,31.8664093,-116.6621611
Vinas de Garza,"Carretera Tecate - Ensenada Km 87 Valle de Guadalupe, Ensenada, Baja California 22650",https://www.tesla.com/findus/location/charger/dc22948,super_charger,32.1128117,-116.546857
Cervantes 169,"Blvd. Miguel de Cervantes Saavedra 169 Granada, Miguel Hidalgo, CMX 11520",https://www.tesla.com/findus/location/charger/dc48200,super_charger,19.4408663,-99.19682
Cipriani Polanco,"Presidente Masaryk 311 Polanco, Miguel Hidalgo, CMX 11550",https://www.tesla.com/findus/location/charger/dc17446,super_charger,19.4316836,-99.1941283
COPEMSA Colegio M├⌐xico,"Carretera Picacho Ajusco s/n Jardines de la montana, Tlalpan, CMX 14738",https://www.tesla.com/findus/location/charger/dc31378,super_charger,19.3030172,-99.2075135
Corporativo Lomas Cantabria A.C.,"Cerrada de Palomas 22 Reforma Social, Miguel Hidalgo, CMX 11650",https://www.tesla.com/findus/location/charger/dc17546,super_charger,19.4339694,-99.2125988
Crater 823,"Crater 823 Jardines del Pedregal, Alvaro Obregon, CMX 1900",https://www.tesla.com/findus/location/charger/dc47267,super_charger,19.3159782,-99.2114731
Fiesta Americana Grand Chapultepec,"Av. Mariano Escobedo #756 Anzures, Miguel Hidalgo, CMX 11590",https://www.tesla.com/findus/location/charger/dc18523,super_charger,19.4267876,-99.1791662
Fiesta Americana Reforma,"Paseo de la Reforma 80 Juarez, Cuauhtemoc, CMX 6600",https://www.tesla.com/findus/location/charger/dc18524,super_charger,19.4323731,-99.1547756
"Four Seasons Hotel Mexico, D.F.","Paseo de la Reforma 500 Juarez, Cuauhtemoc, CMX 6600",https://www.tesla.com/findus/location/charger/dc17448,super_charger,19.4228446,-99.1739727
Holiday Inn Churubusco,"Rio Churubusco 253 Col. Granjas Mexico, Iztacalco, CMX 8400",https://www.tesla.com/findus/location/charger/dc17948,super_charger,19.40035,-99.0988039
Hotel Galeria Plaza Reforma,"Hamburgo 195 Colonia Juarez, Cuauhtemoc, CMX 6600",https://www.tesla.com/findus/location/charger/dc23143,super_charger,19.4249074,-99.1679171
La Cocina el Tras,"Carretera Federal Mexico - Toluca 2685 Palo Alto, Cuajimalpa de Morelos, CMX 5110",https://www.tesla.com/findus/location/charger/dc23959,super_charger,19.3816165,-99.2540447
Liverpool Polanco,"Mariano Escobedo 425 Polanco, Miguel Hidalgo, CMX 11570",https://www.tesla.com/findus/location/charger/dc24725,super_charger,19.4266703,-99.1792729
Montes Urales 770,"Montes Urales 770 Lomas de Chapultepec, Miguel Hidalgo, CMX 11000",https://www.tesla.com/findus/location/charger/dc23378,super_charger,19.4290713,-99.2075807
Patio Claveria,"Calle Egipto 142 Claveria, Azcapotzalco, CMX 2080",https://www.tesla.com/findus/location/charger/dc18525,super_charger,19.4640399,-99.1817174
Plaza Altavista,"Av. Altavista 147, Alvaro Obregon, CMX 1060",https://www.tesla.com/findus/location/charger/dc19903,super_charger,19.3484737,-99.1932325
Sanborn's Fuentes Brotantes,"Av. Insurgentes Sur 3996 La Joya, Tlalpan, CMX 6170",https://www.tesla.com/findus/location/charger/dc23775,super_charger,19.27893,-99.1676597
Sanborn's Tacubaya,"Jose Vasconcelos 106 San Miguel Chapultepec, Miguel Hidalgo, CMX 11850",https://www.tesla.com/findus/location/charger/dc20217,super_charger,19.4100863,-99.183137
Sanborn's Taxquena,"Av. Miguel Angel de Quevedo 1030 Parque San Andres, Coyoacan, CMX 4040",https://www.tesla.com/findus/location/charger/dc21696,super_charger,19.3428346,-99.1495221
Sheraton Mexico City Maria Isabel,"325 Paseo de la Reforma Juarez, Cuauhtemoc, CMX 6500",https://www.tesla.com/findus/location/charger/dc14176,super_charger,19.4309664,-99.1588745
Sheraton Santa Fe Mexico City,"200 Guillermo Gonzalez Camarena, Alvaro Obregon, CMX 1210",https://www.tesla.com/findus/location/charger/dc14188,super_charger,19.3661404,-99.2642857
St. Regis Mexico City,"439 Paseo de la Reforma, Cuauhtemoc, CMX 6500",https://www.tesla.com/findus/location/charger/dc17348,super_charger,19.4258034,-99.1723876
Torre Reforma,"Paseo de La Reforma 483, Cuauhtemoc, CMX 6500",https://www.tesla.com/findus/location/charger/dc41582,super_charger,19.4247518,-99.1744162
Total - Consulado,"Av. Rio Consulado 2884 Pensador Mexicano, Gustavo A madero, CMX 15510",https://www.tesla.com/findus/location/charger/dc55766,super_charger,19.4458731,-99.0870686
Fiesta Inn Monclova,"Blvd. Harold R. Pape 1909 Fraccionamiento La Salle, Monclova, Coahuila 25730",https://www.tesla.com/findus/location/charger/dc25161,super_charger,26.9243779,-101.4203893
Hotel Best Western Go Inn Monclova,"Blvd Harold R. Pape 612 Centro, Monclova, Coahuila 25700",https://www.tesla.com/findus/location/charger/dc23116,super_charger,26.8912842,-101.4237634
Hampton Inn Durango,"Av. Heroico Colegio Militar 101 Nueva Vizcaya, Durango, DUR 34080",https://www.tesla.com/findus/location/charger/dc96542,super_charger,24.0299425,-104.6426917
Centro Comercial El Triangulo,"Av. de los Bosques 128 Lomas de Tecamachalco, Naucalpan de Juarez, MEX 52780",https://www.tesla.com/findus/location/charger/dc22129,super_charger,19.4111681,-99.2510066
Club de Golf Bellavista,"Av Valle Verde 52 Club de Golf Bellavista, Ciudad Lopez Mateos, MEX 52995",https://www.tesla.com/findus/location/charger/dc22214,super_charger,19.5254973,-99.2452519
Cosmopol,"San Francisco Coacalco Bosques del Valle, Coacalco de Berriozabal, MEX 55700",https://www.tesla.com/findus/location/charger/dc61805,super_charger,19.6515833,-99.1189588
Espacio Interlomas,"Avenida Jesus del Monte 37 Jesus del Monte, Huixquilucan, MEX 52764",https://www.tesla.com/findus/location/charger/dc61793,super_charger,19.3950719,-99.2891633
Fiesta Inn Loft Irapuato,"Paseo del Atardecer 152 Villas de Irapuato, Irapuato, GUA 36670",https://www.tesla.com/findus/location/charger/dc20708,super_charger,20.6844293,-101.4139105
Hampton Inn Irapuato,"Boulevard Lazaro Cardenas 4210 Residencial Campestre, Irapuato, GUA 36698",https://www.tesla.com/findus/location/charger/dc27055,super_charger,20.6773994,-101.367821
Rosewood San Miguel de Allende Mexico,"Calle Nemesio Diez #11 Zona Centro, San Miguel de Allende, GUA 37700",https://www.tesla.com/findus/location/charger/dc17017,super_charger,20.909345,-100.7448734
Hotel One Acapulco,"Av. Costera Miguel Aleman 16 Costa Azul, Acapulco, GRO 39850",https://www.tesla.com/findus/location/charger/dc17994,super_charger,16.8542956,-99.8569364
Centro Comercial Plaza del Sol,"Av Lopez Mateos Sur 2375 Ciudad del Sol, Zapopan, JAL 45050",https://www.tesla.com/findus/location/charger/dc26323,super_charger,20.6495422,-103.4025252
City Express Plus Guadalajara Expo,"Avenida Mariano Otero 1390 Rinconada del Sol, Guadalajara, JAL 45055",https://www.tesla.com/findus/location/charger/dc28570,super_charger,20.6504345,-103.3992231
Club Privado San Javier,"Paseo de Las Penas 3500 Colinas de San Javier, Guadalajara, JAL 44460",https://www.tesla.com/findus/location/charger/dc19429,super_charger,20.703772,-103.3973104
Expo Guadalajara,"Av. Mariano Otero 1499 Verde Valle, Guadalajara, JAL 44550",https://www.tesla.com/findus/location/charger/dc19555,super_charger,20.6530146,-103.3950168
Grand Fiesta Americana Guadalajara Country Club,"Avenida de las Americas 1551 Providencia, Guadalajara, JAL 44630",https://www.tesla.com/findus/location/charger/dc18532,super_charger,20.6997779,-103.3750077
Holiday Inn Express Guadalajara Expo,"Av Mariano Otero 2397 Victoria, Guadalajara, JAL 45089",https://www.tesla.com/findus/location/charger/dc38869,super_charger,20.6529604,-103.3953307
Hotel Baruk Guadalajara,"Calzada Lazaro Cardenas 3447 Chapalita, Guadalajara, JAL 44500",https://www.tesla.com/findus/location/charger/dc33045,super_charger,20.6649786,-103.394341
Patio La Cima,"Av. Juan Gil Preciado 1544 Arcos de Zapopan, Zapopan, JAL 45130",https://www.tesla.com/findus/location/charger/dc38517,super_charger,20.7386244,-103.4046623
Punto Sao Paolo,"Av. de las Americas 1545 Providencia, Guadalajara, JAL 44630",https://www.tesla.com/findus/location/charger/dc48700,super_charger,20.7021619,-103.3760195
The Westin Resort & Spa Puerto Vallarta,"Paseo de La Marina Sur 205 Marina Vallarta, Puerto Vallarta, JAL 48354",https://www.tesla.com/findus/location/charger/dc19071,super_charger,20.6573352,-105.2491337
V├¡a Libertad,"Calle Colonias 221 Americana, Guadalajara, JAL 44160",https://www.tesla.com/findus/location/charger/dc24470,super_charger,20.6725853,-103.3658723
Westin Gualajara,"2911 Avenida de Las Rosas Rinconada del Bosque, Guadalajara, JAL 44530",https://www.tesla.com/findus/location/charger/dc17439,super_charger,20.6532711,-103.3893645
WTC Guadalajara,"Avenida Mariano Otero 1249 Rinconada del Bosque, Verde Valle, Guadalajara, JAL 44530",https://www.tesla.com/findus/location/charger/dc32759,super_charger,20.6530146,-103.3950168
Park Royal Beach Acapulco,"110 Costera Guitarrón, Acapulco de Juárez, Guerrero 39880",https://www.tesla.com/findus/location/charger/476554,super_charger,16.832855,-99.8550816
El Cielo Resort Valle de Guadalupe,"117 El Porvenir, Francisco Zarco, Baja California 22755",https://www.tesla.com/findus/location/charger/455464,super_charger,32.0914117,-116.580786
Auditorio General José María Arteaga,"95 Prol. Bernardo Quintana, Santiago de Querétaro, Querétaro 76140",https://www.tesla.com/findus/location/charger/453077,super_charger,20.5820908,-100.361719
Parque Querétaro 2000,"17 Avenida Universidad, Santiago de Querétaro, Querétaro 76000",https://www.tesla.com/findus/location/charger/453326,super_charger,20.5977896,-100.3956706
Carlitos Grill and Garden,"Av. Domingo Diez 711 Lomas de la Selva, Cuernavaca, MOR 62250",https://www.tesla.com/findus/location/charger/dc23960,super_charger,18.9427762,-99.2351505
Hotel Villa Bejar Cuernavaca,"Av. Domingo Diez 2350 Chamilpa, Cuernavaca, MOR 62210",https://www.tesla.com/findus/location/charger/dc25396,super_charger,18.9591567,-99.2378783
Four Seasons Resort Punta Mita,"Punta Mita Bahia de Banderas, Punta Mita, NAY 63734",https://www.tesla.com/findus/location/charger/dc50165,super_charger,20.7813959,-105.529442
City Express Plus Monterrey San Jeronimo,"San Jeronimo 311 San Jeronimo, Monterrey, NLE 64640",https://www.tesla.com/findus/location/charger/dc29403,super_charger,25.6742994,-100.3556269
Fiesta Inn Monterrey La Fe,"Avenida Miguel Aleman km 105 La Fe, San Nicolas de los Garza, NLE 66486",https://www.tesla.com/findus/location/charger/dc18541,super_charger,25.7196807,-100.2165721
Fiesta Inn Monterrey Tecnologico,"Av. Eugenio Garza Sada 2411 Roma, Monterrey, NLE 64700",https://www.tesla.com/findus/location/charger/dc18542,super_charger,25.6578874,-100.29635
La Capital,"Calle Washington 1400 Centro, Monterrey, NLE 64000",https://www.tesla.com/findus/location/charger/dc31704,super_charger,25.6758794,-100.3276064
Live Aqua Monterrey Valle,"Av Lazaro Cardenas 2424 Valle Oriente, San Pedro Garza Garcia, NLE 66260",https://www.tesla.com/findus/location/charger/dc18535,super_charger,25.6484189,-100.3287429
Pabellon M,"Av. Constitucion S/N Centro, Monterrey, NLE 64000",https://www.tesla.com/findus/location/charger/dc55159,super_charger,25.6665097,-100.3263788
Plaza Nativa,"Avenida Alfonso Reyes 901 Zona Valle Poniente, San Pedro Garza Garcia, NLE 66233",https://www.tesla.com/findus/location/charger/dc23957,super_charger,25.6530511,-100.3975026
Plaza O2,"Avenida Jose Vasconcelos 150 Del Valle, San Pedro Garza Garcia, NLE 66220",https://www.tesla.com/findus/location/charger/dc33479,super_charger,25.6513714,-100.3684539
Plaza XO,"Rio Mississippi 119 Del Valle, San Pedro Garza Garcia, NLE 66220",https://www.tesla.com/findus/location/charger/dc29780,super_charger,25.6613063,-100.37565
City Express Puebla Autopista,"Guerrero 117 San Juan Cuautlancingo, Sanctorum, San Juan Cuautlancingo, PUE 72730",https://www.tesla.com/findus/location/charger/dc23054,super_charger,19.0878885,-98.2676688
Hotel Boutique Casa Reyna,"Privada 2 Oriente 1007 Centro, Puebla, PUE 72000",https://www.tesla.com/findus/location/charger/dc28234,super_charger,19.0398083,-98.1860706
City Express Suites Queretaro,"Av. 5 de Febrero 9852 Las Campanas, Queretaro, QUE 76120",https://www.tesla.com/findus/location/charger/dc29518,super_charger,20.5891686,-100.4130989
Club de Golf El Campanario,"Av. el Campanario 100 El Campanario, Santiago de Queretaro, QUE 76146",https://www.tesla.com/findus/location/charger/dc45106,super_charger,20.6157493,-100.357308
Fiesta Inn Queretaro,"Av. 5 de Febrero #108 Ninos Heroes, Queretaro, QUE 76010",https://www.tesla.com/findus/location/charger/dc20450,super_charger,20.5859315,-100.4113723
Four Points by Sheraton Queretaro Norte,"Carretera San Luis Potosi #13001 El Salitre, Queretaro, QUE 76127",https://www.tesla.com/findus/location/charger/dc29157,super_charger,20.6585068,-100.4323126
Hilton Garden Inn Queretaro,"Ignacio Zaragoza 99 Centro, Queretaro, QUE 76180",https://www.tesla.com/findus/location/charger/dc26270,super_charger,20.5905126,-100.386006
Hotel Mision Juriquilla Queretaro,"Boulevard Villas del Meson No. 56 Juriquilla, Queretaro, QUE 76230",https://www.tesla.com/findus/location/charger/dc29873,super_charger,20.6961409,-100.4400292
Los Cochinitos Queretaro,"Carretera Mexico-Queretaro km. 152 Puerta de Palmillas, San Juan del Rio, QUE 76837",https://www.tesla.com/findus/location/charger/dc39532,super_charger,20.3136137,-99.9312697
Mision San Gil,"Carretera Mexico-Queretaro Km. 172 La Estancia, San Juan del Rio, QUE 78821",https://www.tesla.com/findus/location/charger/dc25337,super_charger,20.4264179,-100.0556525
Paseo Santiago,"Paseo de la Garza 87 Santa Fe, Corregidora, QUE 76900",https://www.tesla.com/findus/location/charger/dc17484,super_charger,20.5901086,-100.4469982
Fiesta Americana Condesa Cancun,"Blvd. Kukulkan km 16.5 Zona Hotelera, Cancun, ROO 77500",https://www.tesla.com/findus/location/charger/dc18547,super_charger,21.0723711,-86.7790702
Fiesta Inn Playa del Carmen,"10 Avenida Norte 325 Gonzalo Guerrero, Playa del Carmen, ROO 77710",https://www.tesla.com/findus/location/charger/dc23420,super_charger,20.637157,-87.066103
Grand Fiesta Americana Coral Beach Cancun,"Blvd. Kukulkan Km 9.5 Zona Hotelera, Cancun, ROO 77500",https://www.tesla.com/findus/location/charger/dc18545,super_charger,21.1382025,-86.7460212
Live Aqua Boutique Resort Playa del Carmen,"Calle Quinta Avenida Playa del Carmen, Playa del Carmen, ROO 77710",https://www.tesla.com/findus/location/charger/dc23419,super_charger,20.6338404,-87.067342
Live Aqua Cancun,"Blvd. Kukulcan Km.12.5 Zona Hotelera, Cancun, ROO 77500",https://www.tesla.com/findus/location/charger/dc18544,super_charger,21.1561557,-86.8200911
Westin resort and Spa Cancun,"Blvd. Kukulcan KM 20 Zona Hotelera, Cancun, ROO 77500",https://www.tesla.com/findus/location/charger/dc17456,super_charger,21.0393878,-86.782182
El Cid Castilla Beach,"Avenida Camaron Sabalo Zona Dorada, Mazatlan, SIN 82110",https://www.tesla.com/findus/location/charger/dc33959,super_charger,23.2515068,-106.4553615
El Cid Marina Beach,"Avenida Camaron Sabalo S/N, Mazatlan, SIN 82110",https://www.tesla.com/findus/location/charger/dc33960,super_charger,23.2515068,-106.4553615
Hotel Mision Mazatlan,"Av Camaron Sabalo 1927 Sabalo Country Club, El Encanto, Mazatlan, SIN 82110",https://www.tesla.com/findus/location/charger/dc29874,super_charger,23.2591668,-106.463237
Fiesta Inn Villahermosa Cencali,"Benito Juarez Garcia 105 Loma Linda, Villahermosa, TAB 86050",https://www.tesla.com/findus/location/charger/dc20707,super_charger,17.995444,-92.9398527
Estacionamiento Yamel,"Calle 1 16 Centro, Cordoba, VER 94500",https://www.tesla.com/findus/location/charger/dc47581,super_charger,18.8955988,-96.9340801
Hotel Galeria Plaza Veracruz,"Blvd. Adolfo Ruiz Cortines #3495 Mocambo, Boca del Rio, VER 94294",https://www.tesla.com/findus/location/charger/dc23558,super_charger,19.1389215,-96.1052131
Hotel Mision Orizaba,"Oriente 6 No. 464 Centro, Orizaba, VER 94300",https://www.tesla.com/findus/location/charger/dc33207,super_charger,18.8471903,-97.100447
Fiesta Americana Merida,"Paseo Montejo No. 451 Centro, Merida, YUC 97000",https://www.tesla.com/findus/location/charger/dc22473,super_charger,20.9754976,-89.6196053
Fiesta Americana Aguascalientes,"Calle Los Laureles S/N Las Flores, Aguascalientes, AGU 20020",https://www.tesla.com/findus/location/charger/dc20460,charger,,
Fiesta Inn Aguascalientes,"Calle Mahatma Gandhi #302 Sur Prados de Villasuncion, Desarrollo Especial Villa Asunci├│n,, Aguascalientes, AGU 20280",https://www.tesla.com/findus/location/charger/dc20461,charger,,
One Aguascalientes San Marcos,"Los Laureles No. 404 Fracc. Las Flores, Aguascalientes., AGU 20220",https://www.tesla.com/findus/location/charger/dc20459,charger,,
Adobe Guadalupe,"Parcela A-1 s/n Rusa de Guadalupe, Ensenada, Baja California 22750",https://www.tesla.com/findus/location/charger/dc24765,charger,,
Bajamar,"Ensenada, Carretera Tijuana - Ensenada Km. 77.5 Bajamar, Ensenada, Baja California 22760",https://www.tesla.com/findus/location/charger/dc26308,charger,,
Cantina Hussong's,"Av. Ruiz #113 Zona Centro, Ensenada, Baja California 22800",https://www.tesla.com/findus/location/charger/dc20181,charger,,
Casa de Piedra Vinicola,"Carretera Ensenada Tecate Kilometro 93.5 San Antonio de las Minas, Ensenada, Baja California 22761",https://www.tesla.com/findus/location/charger/dc22851,charger,,
Cuatro Cuatros,"El Tigre , Carretera libre Tijuana-Ensenada Km. 89 El Sauzal de Rodriguez, Ensenada, Baja California 22760",https://www.tesla.com/findus/location/charger/dc19970,charger,,
Estero Beach,"Calle Playas del Estero S/N Ex-Ejido Chapultepec, Ensenada, Baja California 22785 Ensenada",https://www.tesla.com/findus/location/charger/dc19722,charger,,
Fiesta Inn Mexicali,"Calzada Adolfo Lopez Mateos 1029 Industrial Centro Civico, Mexicali, Baja California 21000",https://www.tesla.com/findus/location/charger/dc20704,charger,,
Fiesta Inn Tijuana Otay Aeropuerto,"Rampa Aeropuerto 16000 La Pechuga, Tijuana, Baja California 22000",https://www.tesla.com/findus/location/charger/dc20696,charger,,
Gamma by Fiesta Inn Tijuana,"Blvd. Tijuana 17226 Col. Otay Constituyentes, Tijuana, Baja California 22457",https://www.tesla.com/findus/location/charger/dc20695,charger,,
Gran Via Mexicali,"Calzada Cetys Manuel Gomez Morin, Mexicali, Baja California 21254",https://www.tesla.com/findus/location/charger/dc53612,charger,,
Holiday Inn Ensenada,"Blancarte No. 151 Col. Centro, Ensenada, Baja California 22800",https://www.tesla.com/findus/location/charger/dc90063,charger,,
Hotel Coral & Marina,"Carretera Tijuana-Ensenada Km.103 #3421 Zona Playitas, Ensenada, Baja California 22860",https://www.tesla.com/findus/location/charger/dc42890,charger,,
Hyatt Place Tijuana,"10488 Blvd. Agua Caliente 10488, Colonia Aviación, Tijuana, Baja California 22014",https://www.tesla.com/findus/location/charger/STE2022022200154,charger,,
Jaz-Baja,"Camino Vecinal sin nombre, fracc. 6B de la fracc. 5 L9 sn El Porvenir, Ensenada, Baja California 22755",https://www.tesla.com/findus/location/charger/dc55065,charger,,
La Cabana Del Abuelo,"Tijuana-Mexicali Km. 71.5, La Rumorosa, Baja California 21505",https://www.tesla.com/findus/location/charger/dc44721,charger,,
Las Nubes Bodegas y Vinedos,"Callejon Emiliano Zapata Ejido el Porvenir, Valle de Guadalupe, Baja California 22750",https://www.tesla.com/findus/location/charger/dc26738,charger,,
Malva Restaurante,"Km 96 carretera Ens Tecate, San Antonio De Las Minas, Baja California 22755",https://www.tesla.com/findus/location/charger/dc21859,charger,,
Marina Puerto Salina,"Autopista Tijuana Ensenada KM 73 Abelardo L. Rodriguez, Ensenada, Baja California 22765",https://www.tesla.com/findus/location/charger/dc23509,charger,,
Marina San Felipe,"Carretera San Felipe km 4.5 Fondeport, San Felipe, Baja California 21850",https://www.tesla.com/findus/location/charger/dc32936,charger,,
Mision Catavina,"Carretera Transpeninsular 179 Conjunto Residencial Catavina, Catavina, Baja California 22965",https://www.tesla.com/findus/location/charger/dc67757,charger,,
Mision Santa Maria,"Camino Playa Santa Maria S/N San Quintin, Ensenada, Baja California 22930",https://www.tesla.com/findus/location/charger/dc67756,charger,,
Monte Xanic Bodega Vini-cola,"Calle Francisco Zarco S/N Col. Valle de Guadalupe, Ensenada, Baja California 22785",https://www.tesla.com/findus/location/charger/dc21458,charger,,
Plaza Paseo la Paz,"Libramiento Sur Daniel Roldan No. 1515 Int. A-1 San Antonio El Zacatal, La Paz, Baja California 23090",https://www.tesla.com/findus/location/charger/dc27440,charger,,
Restaurante Heidelberg,"Ave. Fco. I. Madero y Calle H S/N Nueva, Mexicali, Baja California 21100",https://www.tesla.com/findus/location/charger/dc20834,charger,,
Rosarito Beach Hotel,"Blvd. Benito Juarez 31 Col Centro, Rosarito, Baja California 22710",https://www.tesla.com/findus/location/charger/dc20809,charger,,
Sheraton Los Cabos,"Corredor Turistico Km. 10 Lote D Cabo del Sol, Cabo San Lucas, Baja California 23410",https://www.tesla.com/findus/location/charger/dc17440,charger,,
Shimul,"Rancho Pet'ay, Valle de Guadalupe, Baja California 22750",https://www.tesla.com/findus/location/charger/dc35887,charger,0.0,0.0
Villa del Valle - Valle de Guadalupe,"Rancho San Marcos Toros Pintos S/N Km 88.300 Francisco Zarco, Ensenada,, Baja California 22750",https://www.tesla.com/findus/location/charger/dc17443,charger,,
Vinicola Decantos,"Rancho San Miguel Fraccion A, S/N Ejido El Porvenir, Ensenada, Baja California 22755",https://www.tesla.com/findus/location/charger/dc23030,charger,,
Grand Fiesta Americana Los Cabos All Inclusive Golf,"Km 10.3, Carr. Transpeninsular Cabo del Sol, Los Cabos, BCS 23410",https://www.tesla.com/findus/location/charger/dc26315,charger,,
Hotel Cuesta Real,"Carret Transpeninsular Km. 132 Las Huertas, Mulege, BCS 23880 Mulege",https://www.tesla.com/findus/location/charger/dc67767,charger,,
Hotel Doce Ballenas,"Blvd Benito Juarez esq/ Belisario Dom├¡nguez Centro, Ciudad Insurgentes, Baja California Sur 23700",https://www.tesla.com/findus/location/charger/dc33799,charger,,
Hotel La Huerta,"34 Profesor Valdivia, San Ignacio, BCS 23930",https://www.tesla.com/findus/location/charger/dc67765,charger,,
Hotel One la Paz,"Nicolas Bravo No.590 Esq. Ignacio Altamirano Zona Central, La Paz, BCS 23000",https://www.tesla.com/findus/location/charger/dc26313,charger,,
Hotel Plaza Loreto,"Av. Miguel Hidalgo 2 Col. Centro, Loreto, BCS 23880",https://www.tesla.com/findus/location/charger/dc21429,charger,,
Hotel Terrasal,"Blvd.Emiliano Zapata s/n Col. Fundo Legal, Guerrero Negro, BCS 23940",https://www.tesla.com/findus/location/charger/dc67758,charger,,
Maria de Nadie Hotel Boutique,"Belisario Dominguez entre Rosaura Zapata e Ignacio Zaragoza, Cd Constitucion, BCS 23600",https://www.tesla.com/findus/location/charger/dc67769,charger,,
Paseo Esperanza,"Carretera Transpeninsular Km. 25 Cerro Colorado, San Jose del Cabo, BCS 23400",https://www.tesla.com/findus/location/charger/dc28626,charger,,
Patio Plaza Los Cabos,"Carr. Todos Santos - Los Cabos Los Aguajitos, Cabo San Lucas, BCS 23473",https://www.tesla.com/findus/location/charger/dc37536,charger,,
Plaza Patio San Jose,"Calle Valerio Gonzalez 137 Campo de Golf Fonatur, Cabo San Lucas, BCS 23400",https://www.tesla.com/findus/location/charger/dc37538,charger,,
Solaz Los Cabos,"Corredor Turistico s/n, Km 18.5 Cabo Real, San Jose del Cabo, BCS 23405",https://www.tesla.com/findus/location/charger/dc44708,charger,,
Viceroy Los Cabos,"Paseo Malecon San Jose Lote 8 Zona Hotelera, San Jos├⌐ del Cabo, BCS 23400",https://www.tesla.com/findus/location/charger/dc32710,charger,,
Villa del Palmar at The Islands of Loreto,"m. 84 Calle Carretera Transpeninsular Ensenada Blanca, Loreto, BCS 23880",https://www.tesla.com/findus/location/charger/dc67768,charger,,
Walmart Plateros,"Blvd. Adolfo Lopez Mateos 1701 Lomas de Plateros, Ciudad de Mexico, Benito Juarez 1480",https://www.tesla.com/findus/location/charger/dc20942,charger,,
Fiesta Inn Ciudad del Carmen,"Av. Periferico Norte s/n Parque Alameda, Colonia Centro, Ciudad del Carmen, CAM 24170",https://www.tesla.com/findus/location/charger/dc18526,charger,,
Fiesta Inn Loft Ciudad del Carmen,"Avenida Luis Donaldo Colosio Esq Calle 20 S/N Miguel de la Madrid, Ciudad del Carmen, CAM 24130",https://www.tesla.com/findus/location/charger/dc20699,charger,,
Gamma Campeche Malecon,"Av. Ruiz Cortines No. 51 Col. Centro, Campeche, CAM 24000",https://www.tesla.com/findus/location/charger/dc20701,charger,,
Fiesta Inn Tuxtla Gutierrez,"Av. Prolongacion Anillo Circunvalacion Sur 248 Santa Elena, Tuxtla Gutierrez, CHP 29060",https://www.tesla.com/findus/location/charger/dc42093,charger,,
Hilton Garden Inn Tuxtla Gutierrez,"Blvd. Belisario Dominguez 1641 Jardines de Tuxtla, Tuxtla Gutierrez, CHP 29020",https://www.tesla.com/findus/location/charger/dc31109,charger,,
Hotel San Francisco,"Calle Central Sur Oriente 94 Centro, 16 de Septiembre, Tapachula de Cordova y Ordonez, CHP 30700",https://www.tesla.com/findus/location/charger/dc32937,charger,,
Alsuper Freshmarket Santa Fe,"Periferico de La Juventud 990 Haciendas Sta Fe, Chihuahua, CHH 31215",https://www.tesla.com/findus/location/charger/dc23372,charger,,
Courtyard by Marriot Chihuahua,"Via Lombardia 5702, Plaza Citadela D1 Col. Saucito, Chihuahua, CHH 31110",https://www.tesla.com/findus/location/charger/dc32542,charger,,
Courtyard by Marriott Juarezz,"Mision de los Lagos 9020 Partido Iglesias, Ciudad Juarez, CHH 32668",https://www.tesla.com/findus/location/charger/dc25991,charger,,
Edificio Corporativo Vetro D1,"Av. de la Juventud Insurgentes II, Chihuahua, CHH 31207",https://www.tesla.com/findus/location/charger/dc38901,charger,,
Fiesta Inn Chihuahua,"Boulevard Antonio Ortiz Mena 2801 Quintas del Sol, Chihuahua, CHH 31250",https://www.tesla.com/findus/location/charger/dc25147,charger,,
Fiesta Inn Ciudad Juarez,"Paseo Triunfo de la Republica 3451 Circuito Pronaf, Cd Juarez, CHH 32315",https://www.tesla.com/findus/location/charger/dc25146,charger,,
Plaza 3106,"Periferico de la Juventud 3102 Puerta de Hierro, Chihuahua, CHH 31215",https://www.tesla.com/findus/location/charger/dc25913,charger,,
Plaza Barrancas,"Bulevar Tomas Fernandez 9050 Campos El iseos, Cd Juarez, CHH 32470",https://www.tesla.com/findus/location/charger/dc35839,charger,,
Plaza Cantabria,"Av. Paseo Triunfo de la Republica 5854 Sicomoros, Cd Juarez, CHH 32349",https://www.tesla.com/findus/location/charger/dc35840,charger,,
The Lofts,"Avenida de la Juventud 5700 Saucito, Chihuahua, CHH 31110",https://www.tesla.com/findus/location/charger/dc30216,charger,,
AC hotel by Marriott Santa Fe,"Juan Salvador Agraz 130 Lomas de Santa Fe, Contadero, Cuajimalpa, CMX 5348",https://www.tesla.com/findus/location/charger/dc29400,charger,,
Altezza Palmas,"Av. Paseo de las Palmas 340 Lomas - Virreyes, Lomas de Chapultepec V Secc, Miguel Hidalgo, CMX 11000",https://www.tesla.com/findus/location/charger/dc56853,charger,,
Cafe O Lomas,"Calle Monte L├¡bano #245 Lomas de Chapultepec V Secc, Miguel Hidalgo, CMX 11000",https://www.tesla.com/findus/location/charger/dc30901,charger,,
Centro Comercial Mundo E,"Manuel Avila Camacho 1007 San Lucas Tepetlacalco, Tlalnepantla, CMX 54055",https://www.tesla.com/findus/location/charger/dc20037,charger,,
Centro Dinßmico Pegaso,"Carretera Toluca Naucalpan km 52.5 San Mateo Otzacatipan, Toluca de Lerdo, CMX 50220",https://www.tesla.com/findus/location/charger/dc18769,charger,,
City Express Ciudad de Mexico Buenavista,"Insurgentes Nte. 226 Santa Maria la Ribera, Ciudad de Mexico, CMX 6400",https://www.tesla.com/findus/location/charger/dc23057,charger,,
Club de Golf Mexico,"Glorieta Sur 64 San Buenaventura, Xochimilco, CMX 14620",https://www.tesla.com/findus/location/charger/dc42720,charger,,
Club Deportivo Chapultepec,"Calz. Gral. Mariano Escobedo 665 Polanco, Bosque de Chapultepec I Secc,, Miguel Hdalgo, CMX 11590",https://www.tesla.com/findus/location/charger/dc46369,charger,,
COPEMSA Bajio,"Bajio No. 322 Esq. Chilpancingo Roma Sur, Cuauhtemoc, CMX 8760",https://www.tesla.com/findus/location/charger/dc31377,charger,,
COPEMSA Etiopia,"Anaxagoras No. 302 Esq. con Morena. Narvarte, Benito Juarez, CMX 11550",https://www.tesla.com/findus/location/charger/dc26536,charger,,
COPEMSA Gran Plaza,"Palma Norte No. 37 Centro Historico, Cuauhtemoc, CMX 6000",https://www.tesla.com/findus/location/charger/dc30516,charger,,
COPEMSA San Juan,"Aranda No.10 Esq. Ayuntamiento Centro, Cuauhtemoc, CMX 6760",https://www.tesla.com/findus/location/charger/dc31376,charger,,
COPEMSA Tolstoi,"Mariano Escobedo No. 726 Esq. Leon Tolstoi Nueva Anzures, Miguel Hidalgo, CMX 11590",https://www.tesla.com/findus/location/charger/dc31379,charger,,
COPEMSA Vizcainas,"Plaza de las Vizcainas s/n Eje Central Lazaro Cardena, Cuauhtemoc, CMX 6010",https://www.tesla.com/findus/location/charger/dc30514,charger,,
Courtyard Mexico City Airport,"Sinaloa 31 Pe├▒├│n de los Ba├▒os, Venunstiano Carranza, CMX 15520",https://www.tesla.com/findus/location/charger/dc14491,charger,,
Downtown Santa Fe,"Av. Santa Fe 428 H2O Zedec Santa Fe., Cuajimalpa, CMX 5349",https://www.tesla.com/findus/location/charger/dc51604,charger,,
Fiesta Inn Insurgentes Viaducto,"Av. Insurgentes Sur 553 Escandon I Secc, Benito Juarez, CMX 11800",https://www.tesla.com/findus/location/charger/dc18528,charger,,
Fiesta Inn Periferico Sur,"Periferico Sur #5530 Col. Pedregal de Carrasco, Coyoacan, CMX 4700",https://www.tesla.com/findus/location/charger/dc18529,charger,,
Fiesta Inn Plaza Central Aeropuerto,"Calle Canal Rio Churubusco 1635 Central de Abasto, Iztapalapa, CMX 9040",https://www.tesla.com/findus/location/charger/dc18531,charger,,
German Center,"Av Sta Fe 170 Zedec Sta Fe, Alvaro Obregon, CMX 1219",https://www.tesla.com/findus/location/charger/dc35838,charger,,
Gran Sur,"Periferico Sur 5550, Pedregal de Carrasco El Caracol, Coyoacan, CMX 4700",https://www.tesla.com/findus/location/charger/dc61804,charger,,
Hotel W,"Campos El├¡seos 252 Polanco, Polanco IV Secc,, Deleg. Miguel Hidalgo, CMX 11560",https://www.tesla.com/findus/location/charger/dc17347,charger,,
InterContinental Presidente Santa Fe Mexico,"Juan Salvador Agraz 97 Ave Real, Santa Fe, CMX 5300",https://www.tesla.com/findus/location/charger/dc21301,charger,,
Live Aqua Bosques Mexico,"Av. No. Col., Paseo de Los Tamarindos 98 Bosque de las Lomas, Cuajimalpa, CMX 5120",https://www.tesla.com/findus/location/charger/dc17921,charger,,
Manacar,"Avenida de los Insurgentes Sur 1457 Insurgentes Mixcoac, Benito Ju├írez, CMX 3230",https://www.tesla.com/findus/location/charger/dc33040,charger,,
Pabellon Cuauhtemoc,"Antonio Manuel Anza No. 20 Roma Sur, Cuauhtemoc, CMX 6700",https://www.tesla.com/findus/location/charger/dc31374,charger,,
Palacio de Hierro Polanco,"222 Av. Moliere Polanco, Polanco II Secc,, Miguel Hidalgo, CMX 11570",https://www.tesla.com/findus/location/charger/dc17450,charger,,
Parque La Mexicana,"Lomas de Santa Fe Contadero, Alvaro Obregon, CMX 1219",https://www.tesla.com/findus/location/charger/dc55496,charger,,
Plaza Insurgentes,"San Luis Potosi 214 Roma Nte, Cuauhtemoc, CMX 6700",https://www.tesla.com/findus/location/charger/dc21432,charger,,
Plaza Zapamundi,"Avenida Canal de Miramontes 2600-2640 Ciruelos, Coyoacan, CMX 4830",https://www.tesla.com/findus/location/charger/dc29934,charger,,
Presidente InterContinental Polanco,"Campos Eliseos 218, Col. Chapultepec Polanco, Polanco IV Secc, Miguel Hidalgo, CMX 11560",https://www.tesla.com/findus/location/charger/dc21300,charger,,
Qubica Lomas,"Volcan 150, Lomas - Virreyes Lomas de Chapultepec V Secc, Miguel Hidalgo, CMX 11000",https://www.tesla.com/findus/location/charger/dc39161,charger,,
Samara Santa Fe,"Calle Antonio Dovali Jaime, 70 Zedec Santa Fe, Alvaro Obregon, CMX 1219",https://www.tesla.com/findus/location/charger/dc19072,charger,,
Sanborn's Barranca del Muerto,"Av. Barranca del Muerto 479 Merced G├│mez, ├ülvaro Obreg├│n, CMX 1600",https://www.tesla.com/findus/location/charger/dc22767,charger,,
Sanborn's Colonia del Valle,"Av de los Insurgentes Sur 882 Colonia Del Valle, Benito Juarez, CMX 3810",https://www.tesla.com/findus/location/charger/dc21426,charger,,
Sanborn's Las Aguilas,"Calz. de las Aguilas 1350 Col. Puente Colorado, Alvaro Obregon, CMX 1730",https://www.tesla.com/findus/location/charger/dc22766,charger,,
Sanborn's Masaryk,"Hegel 345 Chapultepec Morales, Miguel Hidalgo, CMX 11570",https://www.tesla.com/findus/location/charger/dc20923,charger,,
Sanborn's Palmas,"Paseo de Las Palmas 781 Lomas de Chapultepec V Secc, Miguel Hidalgo, CMX 11560",https://www.tesla.com/findus/location/charger/dc22739,charger,,
Sanborn's San Antonio,"Av Insurgentes Sur 688 Col del Valle Nte, Benito Juarez, CMX 3810",https://www.tesla.com/findus/location/charger/dc21695,charger,,
Sanborn's Villa de Cortes,"Calzada de Tlalpan 744 La Moderna, Benito Juarez, CMX 3150",https://www.tesla.com/findus/location/charger/dc23772,charger,,
Sanborn's Xochimilco,"Guadalupe I. Ramirez 318 Tepepan San Marcos, Xochimilco, CMX 16050",https://www.tesla.com/findus/location/charger/dc23773,charger,,
Sanborn's Xola,"Avenida Xola 1856 Narvarte, Benito Juarez, CMX 3020",https://www.tesla.com/findus/location/charger/dc23771,charger,,
Santa Fe Hills,"Av. Vasco de Quiroga 4299 Loma de San Pedro, Ciudad de M├⌐xico, CMX 5370",https://www.tesla.com/findus/location/charger/dc26363,charger,,
Sheraton Four Points Roma CDMX,"Av. Alvaro Obregon 38, Roma Nte, Cuauhtemoc, CMX 6700",https://www.tesla.com/findus/location/charger/dc17346,charger,,
Sinaloa 195,"Sinaloa 195 Roma Nte, Cuauhtemoc, CMX 6700",https://www.tesla.com/findus/location/charger/dc25998,charger,,
Sir Winston Churchill's,"Perif. Blvd. Manuel Avila Camacho 67 Polanco, Lomas de Chapultepec III Secc, Miguel Hidalgo, CMX 11560",https://www.tesla.com/findus/location/charger/dc33407,charger,,
Terraza Pedregal,"Anillo Perif. Blvd. Adolfo Lopez Mateos 4132 Jardines del Pedregal, Cuauhtemoc, CMX 1900",https://www.tesla.com/findus/location/charger/dc31375,charger,,
Torre Carso Palmas,"Av. Paseo de las Palmas 781 Lomas de Chapultepec V Secc, Miguel Hidalgo, CMX 11560",https://www.tesla.com/findus/location/charger/dc33412,charger,,
Torre Optima,"Paseo de las Palmas 405 Lomas de Chapultepec V Secc, Miguel Hidalgo, CMX 11000",https://www.tesla.com/findus/location/charger/dc23374,charger,,
Torre Optima 3,"Av. Paseo de las Palmas 425 Lomas de Chapultepec V Secc, Miguel Hidalgo, CMX 11000",https://www.tesla.com/findus/location/charger/dc23376,charger,,
Torre Optima II,"Avenida de las Palmas 275 Lomas de Chapultepec V Secc, Miguel Hidalgo, CMX 11000",https://www.tesla.com/findus/location/charger/dc23375,charger,,
Torre Reforma 115,"Paseo de La Reforma 115 Lomas de Chapultepec V Secc, Miguel Hidalgo, CMX 11000",https://www.tesla.com/findus/location/charger/dc23377,charger,,
Walmart Miramontes,"Av. H. Escuela Naval Militar 753 Cipreses, Ciudad de Mexico, CMX 4890",https://www.tesla.com/findus/location/charger/dc20941,charger,,
AlSuper Freshmarket San Patricio,"Blvd. Eulaliio Gutierrez Trevino 1890 Fracc. San Patricio, Saltillo, Coahuila",https://www.tesla.com/findus/location/charger/dc34747,charger,,
Bosques de Monterreal,"25350 Arteaga, Coah. Carretera San Antonio de las Alazanas (Coahuila 112) Km 32 s/n, Santa Anita del Penasco, Arteaga, Coahuila 25350",https://www.tesla.com/findus/location/charger/dc49612,charger,,
Centro Gastronomico il Mercato,"Blvd. Galerias 375 Los Parques, Saltillo, Coahuila 25279",https://www.tesla.com/findus/location/charger/dc24635,charger,,
City Express Saltillo Norte,"Perif. Luis Echeverr├¡a 1630 Col 16, Saltillo, Coahuila 25280",https://www.tesla.com/findus/location/charger/dc29404,charger,,
Edden Torre 1,"Boulevard Galerias 375-1 Col Parque Centro 16, Saltillo, Coahuila 25279",https://www.tesla.com/findus/location/charger/dc25215,charger,,
Edificio de Salud Integral Maria Parque Centro,"Blvd. Galerias Los Parques, Saltillo, Coahuila 25279",https://www.tesla.com/findus/location/charger/dc24636,charger,,
Fiesta Inn Saltillo,"Carretera Saltillo - Monterrey No.6607 Zona Industrial, Saltillo, Coahuila 25270",https://www.tesla.com/findus/location/charger/dc20705,charger,,
Gamma Torreon,"Calz. Jose Vasconcelos # 1935 Col. Residencial Tecnologico, Torreon, Coahuila 27272",https://www.tesla.com/findus/location/charger/dc25145,charger,,
Hotel City Torreon,"Periferico Raul Lopez Sanchez 5500 Residencial el Fresno, Torre├│n, Coahuila 27018",https://www.tesla.com/findus/location/charger/dc29517,charger,,
Hotel Mision Torreon,"Calz Paseo de la Rosita 910 Fracc. de la Rosita, Torre├│n, Coahuila 27250",https://www.tesla.com/findus/location/charger/dc29878,charger,,
Hotel One Monclova,"Av. La Salle #1909 Fracc. Jard├¡nes de la Salle,, Monclova, Coahuila 25720",https://www.tesla.com/findus/location/charger/dc25162,charger,,
Hotel Rincón del Montero,"KM 3 Carretera Parras-Paila Km. 3, Parras de la Fuente, Coahuila 27980",https://www.tesla.com/findus/location/charger/STE2022022200186,charger,,
Nicanor,"Blvd. Independencia 2295 Local 17 Piso 2 San Isidro,, Torreon, Coahuila 27100",https://www.tesla.com/findus/location/charger/dc28719,charger,,
Plaza Cuatro Caminos,"Blvd. Independencia 1300 Navarro, Torre├│n, Coahuila 27010",https://www.tesla.com/findus/location/charger/dc28718,charger,,
Santa Fe Multigas,"Blvd. Republica Ampliacion 1922 Col. Tecnologico, Piedras Negras, Coahuila 26080",https://www.tesla.com/findus/location/charger/dc85939,charger,,
Fiesta Inn Colima,"Prolongacion Camino Real 1101 El Diezmo, Colima, COL 28010",https://www.tesla.com/findus/location/charger/dc22976,charger,,
Grand Isla Navidad Resort,"Circuito de los Marinos S/N Fraccionamiento Isla Navidad Manzanillo,, Colima, COL 28838",https://www.tesla.com/findus/location/charger/dc21861,charger,,
Hotel Mision Colima,"Blvd. Camino Real No. 999 Col. El Diezmo, Colima, COL 28010",https://www.tesla.com/findus/location/charger/dc29866,charger,,
Las Hadas by Brisas,"Av. Vista Hermosa y Av. de los Riscos S/N Pen├¡nsula de Santiago, Manzanillo, COL 28667",https://www.tesla.com/findus/location/charger/dc23141,charger,,
Wyndham Garden Hotels Colima,"1100, Lat. Tercera Anillo Periferico Residencial Esmeralda Nte, Colima, COL 28010",https://www.tesla.com/findus/location/charger/dc22975,charger,,
Zentralia Colima,"Paseo Miguel de la Madrid Hurtado 301 Valle Dorado, Colima, COL 28018",https://www.tesla.com/findus/location/charger/dc21860,charger,,
Plaza Cuicuilco,"Av Insurgentes Sur 3500 Pena Pobre, Manantial Pena Pobre, Tlalpan, CMX 14060",https://www.tesla.com/findus/location/charger/dc20924,charger,,
City Express Durango,"Blvrd Francisco Villa 4021 20 de Noviembre, Durango, DUR 34234",https://www.tesla.com/findus/location/charger/dc29853,charger,,
Fiesta Inn Durango,"Avenida Felipe Pescador 1401 Esperanza, Durango, DUR 34080",https://www.tesla.com/findus/location/charger/dc32000,charger,,
Hotel Gobernador,"Oriente, Av 20 de Noviembre 257 Zona Centro, Durango, DUR 34000",https://www.tesla.com/findus/location/charger/dc96543,charger,,
Hotel Mision Express Durango,"Blvrd Francisco Villa 4301 20 de Noviembre, Durango, DUR 34208",https://www.tesla.com/findus/location/charger/dc29882,charger,,
Town Square Metepec,"Calle Miguel Hidalgo 682 Residencial la Providencia, Providencia, MEX 52177",https://www.tesla.com/findus/location/charger/dc25150,charger,,
Andaro Valle de Bravo,"Av. Del Carmen Lote 4 Fracc 33 Avandaro, Valle de Bravo, MEX 51200",https://www.tesla.com/findus/location/charger/dc18020,charger,,
BeGrand Park Bosques,"Blvd. Palmas Hills S/N Col. Hacienda de las Palmas, Huixquilucan, MEX 52763",https://www.tesla.com/findus/location/charger/dc49168,charger,,
Bosque Real,"Carretera Mexico Huixquilucan No.180 Bosque Real, Naucalpan de Juarez, MEX 52770",https://www.tesla.com/findus/location/charger/dc18576,charger,,
City Express Tepotzotlan,"Autopista Mexico-Queretaro, Km. 42.5 S/N Barrio Texcacoa, Cedros, Tepotzotlan, MEX 54600",https://www.tesla.com/findus/location/charger/dc28572,charger,,
Courtyard by Marriott Toluca Airport,"Blvd. Miguel Aleman 177 Reforma, San Nicolas Tolentino Otzacatipan, Toluca, MEX 50200",https://www.tesla.com/findus/location/charger/dc29852,charger,,
Courtyard by Marriott Toluca Tollocan,"Calle Paseo Matlatzincas 834 Barrio de Zopilocalco Sur, Toluca, MEX 50120",https://www.tesla.com/findus/location/charger/dc29850,charger,,
El Santuario - Valle de Bravo,"Carretera a Colorines Km. 4.5 San Gaspar del Lago, Valle de Bravo, MEX 51200",https://www.tesla.com/findus/location/charger/dc17455,charger,,
Espacio Esmeralda,"Vφa Dr. Jorge JimΘnez Cant· s/n Bosque Esmeralda, Cd Lopez Mateos, MEX 52930",https://www.tesla.com/findus/location/charger/dc61792,charger,,
Fiesta Inn Cuautitlan,"Av. Chalma Esq. Autopista Mexico-Queretaro Lote 8 Jardines de la Hacienda Norte, Cuautitlan Izcalli, MEX 54700",https://www.tesla.com/findus/location/charger/dc20917,charger,,
Fiesta Inn Ecatepec,"Av. 1ro. de Mayo s/n Conjunto Urbano Las Americas, Ecatepec de Morelos, MEX 55076",https://www.tesla.com/findus/location/charger/dc20920,charger,,
Fiesta Inn Naucalpan,"Periferico Norte, s/n Alce Blanco, Naucalpan de Juarez, MEX 53370",https://www.tesla.com/findus/location/charger/dc20919,charger,,
Fiesta Inn Perinorte,"Carretera Mexico-Queretaro Km. 32.5 esq. Ferrocarrilera Lecheria, Tultitlan, MEX 54900",https://www.tesla.com/findus/location/charger/dc18530,charger,,
"Fiesta Inn Tlalnepantla, Ciudad de Mexico","Av. Sor Juana Ines de La Cruz 22 Centro, Tlalnepantla, MEX 54000",https://www.tesla.com/findus/location/charger/dc20918,charger,,
Fiesta Inn Toluca Centro,"Calle Ignacio Allende Sur #124 Centro, Toluca, MEX 50000",https://www.tesla.com/findus/location/charger/dc20474,charger,,
Fiesta Inn Toluca Tollocan,"Paseo Tollocan Oriente 1132 Col. Santa Ana Tlapaltitl├ín, Toluca, MEX 50160",https://www.tesla.com/findus/location/charger/dc20475,charger,,
Fly Across,"Aeropuerto Internacional de Toluca Calle 6 Lt 53, San Pedro Totoltepec, Toluca, MEX 50200",https://www.tesla.com/findus/location/charger/dc27535,charger,,
Gran Terraza Lomas Verdes,"Colina de la Paz #25 Fracc. Bulevares, Boulevares, Naucalpan de Ju├írez, MEX 53120",https://www.tesla.com/findus/location/charger/dc29931,charger,,
Hotel La Muralla,"Calle Uruapan 62 La Michoacana, Metepec, MEX 52166",https://www.tesla.com/findus/location/charger/dc29862,charger,,
Mision Grand Valle de Bravo,"Av. Fontana Brava S/N Avandaro, Valle de Bravo, MEX 51200",https://www.tesla.com/findus/location/charger/dc29880,charger,,
One Toluca Aeropuerto,"Boulevard Miguel Alem├ín Manzana 1 San Pedro Totoltepec,, Toluca de Lerdo, MEX 50200",https://www.tesla.com/findus/location/charger/dc25479,charger,,
PITS - Valle de Bravo I,"Carr. Valle de Bravo - Toluca Km 11, Almoloya de Juarez Centro, MEX 50900",https://www.tesla.com/findus/location/charger/dc48623,charger,,
Plaza Tlalne Fashion Mall,"Avenida Sor Juana Ines de La Cruz 280 San Lorenzo Industrial, San Lorenzo, Tlalnepantla, MEX 54033",https://www.tesla.com/findus/location/charger/dc21430,charger,,
The Italian Coffee Company,"Autopista Mexico-Puebla Km. 38 + 200 Col. Basana Canutillo, Ixtapaluca, MEX 56643",https://www.tesla.com/findus/location/charger/dc33080,charger,,
TK Terraza Grill,"Calle Fuente de Trevi 4 Lomas de Tecamachalco, Naucalpan de Juarez, MEX 53900",https://www.tesla.com/findus/location/charger/dc23958,charger,,
Walmart Alfredo del Mazo,"Blvd Alfredo del Mazo 503 Jardines de Tlacopa, Toluca de Lerdo, MEX 50071",https://www.tesla.com/findus/location/charger/dc20944,charger,,
Walmart Jesus Del Monte,"Interlomas 5 Bosque de las Palmas, Huixquilucan de Degollado, MEX 52779",https://www.tesla.com/findus/location/charger/dc20921,charger,,
Walmart Satelite,"Cto Centro Comercial 19 Cd. Satelite, Naucalpan de Juarez, MEX 53100",https://www.tesla.com/findus/location/charger/dc20922,charger,,
Walmart Nino Obrero,"Av. Nino Obrero 1551 Cd del Sol, Zapopan, Guadalajara 45050",https://www.tesla.com/findus/location/charger/dc20943,charger,,
Aloft Celaya,"Eje Nor-Oriente Luis Donaldo Colosio Numero 177 Predio Rustico Santa Rosalia, Celaya, GUA 38080",https://www.tesla.com/findus/location/charger/dc29939,charger,,
El Palacio del Tiempo - Corralejo,"Km., Irapuato 40 Luis Donaldo Colosio Murrieta, Santa Ana Pacueco, GUA 36660",https://www.tesla.com/findus/location/charger/dc32846,charger,,
Fiesta Inn Celaya,"Carr. Panamericana Km. 5 S/N Quinta Bugambilias, Celaya, GUA 38060",https://www.tesla.com/findus/location/charger/dc20702,charger,,
Fiesta Inn Leon,"Boulevard Adolfo Lopez Mateos Oriente 2702 Jardines de Jerez, El Desagae, GUA 37530",https://www.tesla.com/findus/location/charger/dc20462,charger,,
G100 Guanajuato,"Plaza Gto Puerto Interior De La Paz 102, Lopez Mateos, Silao, GUA 36275",https://www.tesla.com/findus/location/charger/dc19994,charger,,
Hacienda Corralejo,"Ex Hacienda Corralejo SN Estacion Corralejo, Penjamo, GUA 36921",https://www.tesla.com/findus/location/charger/dc32835,charger,,
Hampton Inn & Suites by Hilton Salamanca Bajio,"km 100 + 500, Mexico 45 San Vicente de flores, Salamanca, GUA 36875",https://www.tesla.com/findus/location/charger/dc37801,charger,,
Hampton Inn by Hilton Leon,"Boulevard Adolfo Lopez Mateos 1717 Colonia Los Gavilanes, Leon, GUA 37270",https://www.tesla.com/findus/location/charger/dc26146,charger,,
Hotel Mision Comanjilla,"Congregacion Comanjilla Rancho Agua Caliente, Silao, GUA 36270",https://www.tesla.com/findus/location/charger/dc29867,charger,,
Hotel One Celaya,"Carretera Km. 5 s/n Panamericana, Celaya, GUA 38060",https://www.tesla.com/findus/location/charger/dc26534,charger,,
MAC Celaya,"Ave. Ferrocarril Central 709 Los Laureles, Celaya, GUA 38020",https://www.tesla.com/findus/location/charger/dc18094,charger,,
Mision Grand Casa Colorada,"Cerro de San Miguel 13 Lomas de Pozuelos, Guanajuato, GUA 3600",https://www.tesla.com/findus/location/charger/dc33249,charger,,
One Irapuato,"Paseo de la Altiplanicie no. 11 Fracc.Villas de Irapuato, Irapuato, GUA 36670",https://www.tesla.com/findus/location/charger/dc30428,charger,,
Plaza Cibeles,"Av Mariano J. Garcia 1443 Quinta las Villas, Irapuato, GUA 36643",https://www.tesla.com/findus/location/charger/dc32159,charger,,
Plaza La Luciernaga,"Boulevard Jose Manuel Zavala Z. 165 La Luciernaga, San Miguel de Allende, GUA 37745",https://www.tesla.com/findus/location/charger/dc31867,charger,,
"Supermercados Internacionales HEB, S.A. de C.V. Leon","Blvd. Cerro Gordo del Campestre #401 Col. Lomas del Campestre, Leon, GUA 37150",https://www.tesla.com/findus/location/charger/dc18740,charger,,
Torre Nebra,"Av Cerro Gordo 414 Centro Comercial, Leon, GUA 37120",https://www.tesla.com/findus/location/charger/dc32952,charger,,
100% Natural - Diamante,"Boulevard de las Naciones 1 Granjas del Marques, Acapulco, GRO 39890",https://www.tesla.com/findus/location/charger/dc22855,charger,,
Banyan Tree Acapulco,"Boulevard Cabo Marques Lte. 1 Punta Diamante, Acapulco, GRO 39907",https://www.tesla.com/findus/location/charger/dc18737,charger,,
Encanto Acapulco,"Jacques Cousteau No 51 Col Brisas del Marques, Acapulco, GRO 39390",https://www.tesla.com/findus/location/charger/dc17759,charger,,
Fiesta Americana Acapulco,"Avenida Costera Miguel Aleman 97 Fracc. Club Deportivo, Acapulco, GRO 39690",https://www.tesla.com/findus/location/charger/dc17993,charger,,
Galerias Diana,"Av Costera Miguel Alem├ín 1926, Magallanes, Acapulco, GRO 39670",https://www.tesla.com/findus/location/charger/dc39530,charger,,
Las Brisas Acapulco,"Escenica 5255 Fracc Marina Brisas, Pichilingue, Acapulco, GRO 39867",https://www.tesla.com/findus/location/charger/dc23142,charger,,
Pierre Mundo Imperial,"Costera de las Palmas Granjas del Marques, Acapulco, GRO 39890",https://www.tesla.com/findus/location/charger/dc38363,charger,,
Princess Mundo Imperial,"Costera de las Palmas Granjas del Marquez, Acapulco, GRO 39890",https://www.tesla.com/findus/location/charger/dc38345,charger,,
"Estacion 012918 ""LMOL""","Mexico-pachuca Carretera Federal Km 62+320 Barrio de Santo Tomas, Tolcayuca, HID 43860",https://www.tesla.com/findus/location/charger/dc28239,charger,,
Fiesta Inn Pachuca Gran Patio,"Blvd Luis Donaldo Colosio 2009 Los Jales, Pachuca, HID 42064",https://www.tesla.com/findus/location/charger/dc20477,charger,,
Gamma Pachuca,"Carretera Mexico Pachuca km. 85.5 Venta Prieta, Pachuca, HID 42080",https://www.tesla.com/findus/location/charger/dc20478,charger,,
Los Cochinitos Pachuca,"Carr. Federal Pachuca - Mexico km 52, Pachuca, HID 76837",https://www.tesla.com/findus/location/charger/dc31110,charger,,
Hotel Lindo Ajijic,"17A Ángel Flores 17A, Las Salvias, Ajijic, Jalisco 45920",https://www.tesla.com/findus/location/charger/dc874040789,charger,,
Aeropuerto Guadalajara,"Carr. Guadalajara Chapala Km 17.5, Guadalajara, JAL 45659",https://www.tesla.com/findus/location/charger/dc20680,charger,,
Aerotron Guadalajara,"Hangar 1 Aeropuerto Internacional, Miguel Hidalgo, JAL 45659",https://www.tesla.com/findus/location/charger/dc26736,charger,,
Aerotron Vallarta,"Hangar Aeropuerto Puerto Vallarta 1 Villa Las Flores,, Puerto Vallarta, JAL 48335",https://www.tesla.com/findus/location/charger/dc26737,charger,,
Cafe Barbera Providencia,"Av. Providencia 2848 Providencia 4a. Seccion, Providencia 4a. Secc, Guadalajara, JAL 44639",https://www.tesla.com/findus/location/charger/dc28430,charger,,
Campestre los Encinos,"Carretera Tapalpa a Guadalajara Km 2.5, Tapalpa, JAL 49340",https://www.tesla.com/findus/location/charger/dc26416,charger,,
Cortijo Las Ca├▒adas,"San Isidro Sur S/N Las Ca├▒adas, Zapopan, JAL 45206",https://www.tesla.com/findus/location/charger/dc35613,charger,,
El Fogon del Pibe,"Av Adolfo Lopez Mateos Sur 4545 Boyero, Zapopa, JAL 45070",https://www.tesla.com/findus/location/charger/dc55049,charger,,
Eleganzza Auto Spa,"Diagonal Golfo de Cortes 2875 Vallarta Nte, Guadalajara, JAL 44690",https://www.tesla.com/findus/location/charger/dc55555,charger,,
Fiesta Americana Guadalajara,"Av. Aurelio Aceves No. 225 Vallarta Poniente, Guadalajara, JAL 44110",https://www.tesla.com/findus/location/charger/dc18533,charger,,
Fiesta Americana Puerto Vallarta All Inclusive & Spa,"Av. Francisco Medina Ascencio Km. 2.5 Zona Hotelera,, Puerto Vallarta, JAL 48333",https://www.tesla.com/findus/location/charger/dc20457,charger,,
Fiesta Inn Guadalajara Expo,"Avenida Mariano Otero 1550 Col. Rinconada del Sol, Guadalajara, JAL 45055",https://www.tesla.com/findus/location/charger/dc18534,charger,,
Gran Terraza Belenes,"Av. Laureles 1300 Parque Industrial Belenes,, Zapopan, JAL 45138",https://www.tesla.com/findus/location/charger/dc29936,charger,,
Hacienda del Lago Boutique Hotel & Restaurant,"Independencia 63 Centro,, Ajijic, JAL 45920",https://www.tesla.com/findus/location/charger/dc75436,charger,,
Icon Tower 23,"Av. Empresarios 255 Puerta de Hierro, Zapopan, JAL 45116",https://www.tesla.com/findus/location/charger/dc33457,charger,,
Illy Cafe,"Av. Providencia 2969b Providencia 4a. Secc, Guadalajara, JAL 44630",https://www.tesla.com/findus/location/charger/dc20360,charger,,
La Gourmeteria,"Av. Lopez Mateos 1710 Col. Santa Isabel, Tlajomulco de Zuniga, JAL 45645",https://www.tesla.com/findus/location/charger/dc42118,charger,,
Landmark Guadalajara,"Av. Patria 188 Puerta de Hierro, Zapopan, JAL 45116",https://www.tesla.com/findus/location/charger/dc25148,charger,,
Punto Patrimonio,"Av Pablo Neruda 2842-B Providencia 4a. Secc, Guadalajara, JAL 44639",https://www.tesla.com/findus/location/charger/dc35612,charger,,
Quinta del Bosque,"Vicente Guerrero 100 La Prepa, Mazamitla, JAL 49500",https://www.tesla.com/findus/location/charger/dc46368,charger,,
Sal de Mar,"Calle Jose Maria Morelos 1360 Americana, Guadalajara, JAL 44160",https://www.tesla.com/findus/location/charger/dc26726,charger,,
Serviplaza Circunvalacion,"Av. Cvln. Division del Nte., Esq. Av de los Normalistas Colinas de La Normal, Guadalajara, JAL 44270",https://www.tesla.com/findus/location/charger/dc32002,charger,,
Torre MIL,"Av. de las Americas 1500 Country Club, Guadalajara, JAL 44610",https://www.tesla.com/findus/location/charger/dc17397,charger,,
Torre MIl500,"Av. de las Americas 1500 Country Club, Guadalajara, JAL 44610",https://www.tesla.com/findus/location/charger/dc29514,charger,,
Urban Center Guadalajara,"Av. Adolfo Lopez Mateos Sur 7000 La Rioja, Los Gavilanes, Tlajomulco de Zuniga, JAL 45643",https://www.tesla.com/findus/location/charger/dc27778,charger,,
Walmart Vallarta,"Av. Vallarta 5455 Camichines Vallarta, Zapopan, JAL 45030",https://www.tesla.com/findus/location/charger/dc20925,charger,,
Querétaro Centro de Congresos,"1531 Paseo de las Artes, Santiago de Querétaro, Querétaro 76090",https://www.tesla.com/findus/location/charger/453076,charger,,
Universidad Aeronáutica en Querétaro,"22154 Carr. Querétaro-Tequisquiapan, Santiago de Querétaro, Querétaro 76278",https://www.tesla.com/findus/location/charger/453323,charger,,
"Centenaria Y Benemérita Escuela Normal del Estado De Querétaro ""Andrés Balvanera""","76090 San Mateo, Santiago de Querétaro, Querétaro",https://www.tesla.com/findus/location/charger/453324,charger,,
Auditorio Josefa Ortiz de Domínguez,"S/N Sierra de Zimapán, Santiago de Querétaro, Querétaro 76000",https://www.tesla.com/findus/location/charger/453325,charger,,
Altozano Morelia,"Avenida Montana Monarca 1000 Montana Monarca, Morelia, MIC 58350",https://www.tesla.com/findus/location/charger/dc20694,charger,,
Escala Morelia,"Perif. Paseo de la Republica 5030 Jardines del Rincon, Morelia, MIC 58270",https://www.tesla.com/findus/location/charger/dc38865,charger,,
Espacio Morelia,"Av.Lic.Enrique Ram├¡rez Miguel S/N Col.Las Americas, Morelia, MIC 58270",https://www.tesla.com/findus/location/charger/dc38864,charger,,
Holiday inn Morelia,"Periferico Paseo DE LA Republica, Perif. Paseo de la Republica 3466 Terrazas del Campestre, Morelia, MIC 58295",https://www.tesla.com/findus/location/charger/dc38866,charger,,
Hotel Gamma Belo Morelia,"Av. Camelinas 2938 Cinco de Diciembre, Morelia, MIC 58280",https://www.tesla.com/findus/location/charger/dc31737,charger,,
100% Natural - Cuernavaca,"Diana 14 Delicias, Cuernavaca, MOR 62330",https://www.tesla.com/findus/location/charger/dc21098,charger,,
"Anticavilla Restaurant, Hotel & SPA","Rio Amacuzac # 10, esquina Chilpancingo Colonia Vista Hermosa, Cuernavaca, MOR 62290",https://www.tesla.com/findus/location/charger/dc22288,charger,,
Averanda Cuernavaca,"Cuernavaca - Ciudad de Mexico Villas del Lago, Cuernavaca, MOR 62374",https://www.tesla.com/findus/location/charger/dc23915,charger,,
Centro Comercial Lomas de Cocoyoc,"Boulevard Lomas de Cocoyoc No 1 Bis Lomas de Cocoyoc, Oaxtepec, MOR 62847",https://www.tesla.com/findus/location/charger/dc23242,charger,,
Centro Novatec,"Lomas de Cocoyoc Atlatlahucan, Morelos, MEX 62738",https://www.tesla.com/findus/location/charger/dc23243,charger,,
Club Campestre Lomas de Cocoyoc,"Club Campestre Cocoyoc Col Tizapan, San Angel, Atlatlahuacan, MOR 62840",https://www.tesla.com/findus/location/charger/dc21953,charger,,
Fiesta Americana Hacienda San Antonio El Puente,"Reforma 2 Fracc. Real del Puente, Xochitepec, MOR 62790",https://www.tesla.com/findus/location/charger/dc20452,charger,,
Fiesta Inn Cuernavaca,"Carretera Mexico - Acapulco Km. 88 S/N Delicias, Cuernavaca, MOR 62330",https://www.tesla.com/findus/location/charger/dc20453,charger,,
Hosteria las Quintas,"Av. Gustavo Diaz Ordaz, 9 Colonia Cantarranas, Cuernavaca, MOR 62448",https://www.tesla.com/findus/location/charger/dc32271,charger,,
Hotel Hacienda Cocoyoc,"Carretera Federal Cuernavaca- Cuautla Km 32.5 Cocoyoc Centro, Yautepec, MOR 62736",https://www.tesla.com/findus/location/charger/dc23245,charger,,
Hotel Villa Bejar Tequesquitengo,"Blvr Tequesquitengo esq Lomas Tropicales, Tequesquitengo, MOR 62915",https://www.tesla.com/findus/location/charger/dc25397,charger,,
Jardines de Mexico,"Km 129 Carretera Mexico-Acapulco 95D Jojutla, Jojutla, MOR 62908",https://www.tesla.com/findus/location/charger/dc19906,charger,,
Los Cochinitos Cuernavaca,"Carretera Mexico-Acapulco Km. 88,400 Delicias, Cuernavaca, MOR 62330",https://www.tesla.com/findus/location/charger/dc31111,charger,,
Fiesta Inn Tepic,"Blvd. Luis Donaldo Colosio 580 Benito Juarez Ote., Subcentro Urbano, Tepic, NAY 63175",https://www.tesla.com/findus/location/charger/dc24500,charger,,
St. Regis Punta Mita,"The St. Regis Punta Mita Resort Lote H4 Condominio Maestro Ramal, Carretera Federal 200 KM 19.5, Punta Mita, NAY 63734",https://www.tesla.com/findus/location/charger/dc17454,charger,,
7Eleven LEED,"Av. Eugenio Garza Sada Sur 2620 Tecnologico, Monterrey, NLE 64700",https://www.tesla.com/findus/location/charger/dc70776,charger,,
Avanta Gardens Monterrey,"Avenida Jose Vasconselos 755 Pte Los Sabinos, Monterrey, NLE 66226",https://www.tesla.com/findus/location/charger/dc19901,charger,,
Best Western Aeropuerto,"Boulevard Aeropuerto 5001 Parque Industrial Milenio, Apodaca, NLE 66600",https://www.tesla.com/findus/location/charger/dc25740,charger,,
Best Western Bazarell Inn,"Ave. Capitan Alonso de Le├│n Km 206 Col. Gil de Leyva, Montemorelos, NLE 67500",https://www.tesla.com/findus/location/charger/dc22849,charger,,
Best Western Plus Monterrey Airport,"Carretera Miquel Aleman Km 18.5, Monterrey, NLE 66600",https://www.tesla.com/findus/location/charger/dc33929,charger,,
Cafe Sierra Norte,"Carretera Nacional #1601 Norte San Javier, Centro de Allende, Cd de Allende, NLE 67350",https://www.tesla.com/findus/location/charger/dc58246,charger,,
Calzad401 Monterrey,"Calzada 401 Ote. Colonia Del Valle, San Pedro Garza Garcia, NLE 66220",https://www.tesla.com/findus/location/charger/dc21415,charger,,
Chroma Monterrey,"Av. Ricardo Margain Zozaya 315 Zona Santa Engracia, San Pedro Garza Garc├¡a, NLE 66267",https://www.tesla.com/findus/location/charger/dc24492,charger,,
Club de Industriales,"Av. Parte Aguas 698 Los Arcangeles, Zona Loma Larga Poniente, San Pedro Garza Garci¡a, NLE 66266",https://www.tesla.com/findus/location/charger/dc62201,charger,,
Club Sonoma,"Camino al Mirador 5800 Fraccionamiento Club Sonoma Residencial, Monterrey, NLE 64925",https://www.tesla.com/findus/location/charger/dc29731,charger,,
Fiesta Americana Monterrey Pabellon,"Avenida Presidente Benito Juarez Oriente 1102 Centro, Monterrey, NLE 64000",https://www.tesla.com/findus/location/charger/dc18538,charger,,
Fiesta Inn Monterrey Fundidora,"Av. Churubusco #701, Esq. Prolongacio Av. Madero Col. Fierro, Monterrey, NLE 64590",https://www.tesla.com/findus/location/charger/dc18540,charger,,
Fiesta Inn Monterrey Valle,"Av. Lazaro Cardenas 327 Ote., Valle Oriente,, San Pedro Garza Garcia, NLE 66269",https://www.tesla.com/findus/location/charger/dc18536,charger,,
Galerias Valle Oriente,"Av Lazaro Cardenas 1000 Paseo de Las Privanzas, Monterrey, NLE 64700",https://www.tesla.com/findus/location/charger/dc33205,charger,,
Innovasport HQ,"Av. Humberto Lobo 540 Colonia del Valle, San Pedro, Garza Garcia,, NLE 66220",https://www.tesla.com/findus/location/charger/dc49864,charger,,
Innovasport San Pedro Plus,"Av. Humberto Lobo 540 Colonia del Valle, San Pedro Garza Garcia, NLE 66220",https://www.tesla.com/findus/location/charger/dc38870,charger,,
Las Misiones Club Campestre,"Antiguio Camino a Villa de Santiago No.300 El Cerrito, Las Misiones, Santiago, NLE 67301",https://www.tesla.com/findus/location/charger/dc23091,charger,,
Latitud,"Av L├ízaro C├írdenas 2225 Valle Oriente, Monterrey, NLE 66260",https://www.tesla.com/findus/location/charger/dc31705,charger,,
Metropolitan Center,"Lazaro Cardenas 2400 Haciendas de La Sierra, Lazaro Cardenas, Monterrey, NLE 66278",https://www.tesla.com/findus/location/charger/dc21149,charger,,
Movic Records,"Av. Humberto Lobo 2000 Col. Del Valle, Monterrey, NLE 66220",https://www.tesla.com/findus/location/charger/dc23393,charger,,
Nuevo Sur,"Avenida Revolucion 2703 Ladrillera, Monterrey, NLE 64830",https://www.tesla.com/findus/location/charger/dc31133,charger,,
One Monterrey Aeropuerto,"Blvd. Aeropuerto 10 Parque industrial Milenio, Cd Apodaca, NLE 66600",https://www.tesla.com/findus/location/charger/dc18543,charger,,
Paseo Almenares,"Av Sendero Divisorio Anahuac Sendero, San Nicolas de los Garza, NLE 66417",https://www.tesla.com/findus/location/charger/dc34807,charger,,
Plaza 100,"Ave. Manuel Gomez Morin 100 Carrizalejo, San Pedro Garza Garcia, NLE 66245",https://www.tesla.com/findus/location/charger/dc22734,charger,,
Plaza Cumbres,"Calle Alejandro de Rodas Bosques de Las Cumbres, Monterrey, NLE 64619",https://www.tesla.com/findus/location/charger/dc33203,charger,,
Plaza El Encino,"Paseo de las Americas #2101 Contry Sol 2do Sector, Guadalupe, NLE 67174",https://www.tesla.com/findus/location/charger/dc31565,charger,,
Plaza Fiesta San Agustin,"Av. Real San Augustin # 222 Colonia Real de San Agustin, San Pedro Garza Garcia, NLE 66260",https://www.tesla.com/findus/location/charger/dc35610,charger,,
Plaza Tanarah,"Av. Jose Vasconcelos 345 Santa Engracia, San Pedro Garza Garc├¡a, NLE 66267",https://www.tesla.com/findus/location/charger/dc24181,charger,,
Pueblo Serena,"Carretera Nacional 500 Valle Alto, Monterrey, NLE 64989",https://www.tesla.com/findus/location/charger/dc25340,charger,,
Pueblo Serena II,"Carretera Nacional 500 Valle Alto, Monterrey, NLE 64989",https://www.tesla.com/findus/location/charger/dc41419,charger,,
Sheraton Ambassador Monterrey,"Miguel Hidalgo 310 Ote Centro, Monterrey, NLE 64000",https://www.tesla.com/findus/location/charger/dc17452,charger,,
"Supermercados Internacionales HEB, S.A. de C.V.","Gomez Morin #300 Col. Valle Campestre, San Pedro Garza Garcia, NLE 66278",https://www.tesla.com/findus/location/charger/dc28893,charger,,
Taller Veganico / Pan Benell / Autocity,"Plutarco Elias Calles 419 Barrio Tampiquito, T, San Pedro Garza Garcia, NLE 66240",https://www.tesla.com/findus/location/charger/dc24934,charger,,
Torre BH,"Blvd. Antonio L. Rodriguez 2100 Santa Maria, Monterrey, NLE 64650",https://www.tesla.com/findus/location/charger/dc30644,charger,,
Walmart las Torres,"Avenida Eugenio Garza Sada 6101 Las Brisas, Monterrey, NLE 64780",https://www.tesla.com/findus/location/charger/dc20947,charger,,
Fiesta Inn Oaxaca,"Av. Universidad 140 Ex-Hacienda de Candiani, Oaxaca, OAX 68130",https://www.tesla.com/findus/location/charger/dc20476,charger,,
Hotel Mision Oaxaca San Felipe,"Av. Jalisco 15 San Felipe Del Agua,, Oaxaca, OAX 68020",https://www.tesla.com/findus/location/charger/dc29876,charger,,
Africam Safari,"Blvd. Cap. Carlos Camacho Espφritu Km 16.5 Oasis, Puebla, PUE 72960",https://www.tesla.com/findus/location/charger/dc26305,charger,,
Africam Safari II,"Boulevard Capitan Carlos Camacho Espiritu Km 16.5 Oasis, Puebla, PUE 72960",https://www.tesla.com/findus/location/charger/dc55158,charger,,
Casona Maria Puebla,"Calle 3 Oriente 1414 Barrio de Analco, Puebla, PUE 72500",https://www.tesla.com/findus/location/charger/dc17453,charger,,
City Express Puebla Angelopolis,"Cto Juan Pablo II 1755 Reserva Territorial Atlixcayotl, La Noria, x, Puebla, PUE 72410",https://www.tesla.com/findus/location/charger/dc23055,charger,,
City Express Puebla Centro,"Calle 10 Nte. 1406 Del Alto, Barrio del Alto,, Puebla, PUE 72000",https://www.tesla.com/findus/location/charger/dc23056,charger,,
City Express Suites Puebla Autopista,"Lateral Autopista Mexico Puebla #7533 Moratilla, Puebla, PUE 72110",https://www.tesla.com/findus/location/charger/dc23053,charger,,
Courtyard by Marriott Puebla Las Animas,"Av. Manuel Espinosa Yglesias 31 Pte. 3333 Villas de Atlixco, Puebla, PUE 72400",https://www.tesla.com/findus/location/charger/dc28890,charger,,
Espacio la Vista,"Atlixcßyotl 3204 Tlaxcalancingo, Puebla, PUE 72810",https://www.tesla.com/findus/location/charger/dc61795,charger,,
Fiesta Americana Grand Puebla,"Parque Milenium, Calle Osa Mayor 2507 Reserva Territorial Atlixcayotl, Puebla, PUE 72190",https://www.tesla.com/findus/location/charger/dc20480,charger,,
Fiesta Inn Las Animas Puebla,"Atlixco Col. Las Animas, Puebla, PUE 72400",https://www.tesla.com/findus/location/charger/dc19263,charger,,
Fiesta Inn Puebla FINSA,"Carretera Lateral Autopista Mexico-Puebla 7735 Rancho Moratilla, Puebla, PUE 72110",https://www.tesla.com/findus/location/charger/dc20454,charger,,
Hotel One Puebla FINSA,"Lateral Sur Aut. Mexico Puebla No.55 Guadalupe Victoria, Puebla, PUE 72710",https://www.tesla.com/findus/location/charger/dc20455,charger,,
Hotel Villa Florida Puebla,"Blvrd Atlixcayotl 1100 Reserva Territorial Atlixcayotl, Puebla, PUE 72810",https://www.tesla.com/findus/location/charger/dc35032,charger,,
Komplex Puebla,"BLVD MUNICIPIO LIBRE 1943 COL. EXHDA MAYORAZGO, Puebla, PUE 72480",https://www.tesla.com/findus/location/charger/dc30219,charger,,
Los Cochinitos,"Carretera Mexico-Puebla Km. 112-800 San Francisco Ocotlan, San Francisco Ocotlan, PUE 72680",https://www.tesla.com/findus/location/charger/dc28431,charger,,
Marriott Puebla Hotel Meson del Angel,"Boulevard Hermanos Serdin 807 Las Fuentes de Puebla, Puebla, PUE 72116",https://www.tesla.com/findus/location/charger/dc25336,charger,,
Mision Grand Ex-Hacienda de Chautla,"Camino Ex Hacienda de Chautla San Lucas el Grande, San Salvador el Verde, PUE 74135",https://www.tesla.com/findus/location/charger/dc29865,charger,,
Plaza los Arcangeles y Chedraui Selecto,"Lateral sur via Atlixcayotl 6510 San Bernandino, San Andres Cholula, PUE 72820",https://www.tesla.com/findus/location/charger/dc29021,charger,,
Plaza Mazarik,"Boulevard Atlixcayotl 1501 Reserva Territorial Atlixcayotl, Puebla, PUE 72810",https://www.tesla.com/findus/location/charger/dc27655,charger,,
Plaza Meson 810 y Hotel Staybridge Puebla,"Blvd. Hermanos Serdan 810 Col. El Riego Sur, Puebla, PUE 72020",https://www.tesla.com/findus/location/charger/dc19697,charger,,
Plaza Solesta Puebla,"Atlixcayotl 4931 Reserva Territorial Atlixcayotl, Puebla, PUE 72197",https://www.tesla.com/findus/location/charger/dc33201,charger,,
Rosewood Puebla,"Calle 10 Nte. 1402 Barrio del Alto, Puebla, PUE 72000",https://www.tesla.com/findus/location/charger/dc30325,charger,,
Aires de Campo Queretaro,"Paseo de Jurica No. 340 LB Jurica, Santiago de Queretaro, QUE 76100",https://www.tesla.com/findus/location/charger/dc22270,charger,,
Best Western Tequisquiapan,"Heroico Colegio Militar 7, Fundadores de Hacienda Grande Centro, Tequisquiapan, QUE 76750",https://www.tesla.com/findus/location/charger/dc46766,charger,,
City Express Jurica,"Av. 5 de Febrero No. 9200-A Col Parque Industrial Benito Juarez, Santiago de Queretaro, QUE 76100",https://www.tesla.com/findus/location/charger/dc28571,charger,,
Domun Hotel,"Carretera Federal 57 Mexico-Queretaro #1085 Col. Quintas del Marques, Queretaro, MEX 76047",https://www.tesla.com/findus/location/charger/dc24188,charger,,
El Caserio,"Av. Constituyentes 101 Pte Casa Blanca, Santiago de Queretaro, QUE 76030",https://www.tesla.com/findus/location/charger/dc25183,charger,,
Esfera Queretaro,"Autopista Queretaro-Celaya Km. 0.600 No. 5501 Col., Jardines de la Hacienda, Quer├⌐taro, QUE 76180",https://www.tesla.com/findus/location/charger/dc38868,charger,,
Fiesta Americana Hacienda Galindo,"Carretera Amealco-Galindo Km 5.5 Galindo,, San Juan del Rio, QUE 76820",https://www.tesla.com/findus/location/charger/dc20447,charger,,
Fiesta Inn Queretaro Centro Sur,"Boulevard Bernardo Quintana Arroja 7001 Col. Centro Sur, Queretaro, QUE 76090",https://www.tesla.com/findus/location/charger/dc20451,charger,,
Grand Fiesta Americana Queretaro,"Blvd. Bernardo Quintana Arrioja 4050 Col. Alamos 3a Seccion, Queretaro, QUE 76160",https://www.tesla.com/findus/location/charger/dc20449,charger,,
Hacienda Jurica by Brisas,"Paseo de Jurica 618 Hacienda Jurica, Jurica, QUE 76100",https://www.tesla.com/findus/location/charger/dc17398,charger,,
Holiday Inn Express San Juan Del Rio,"Paseo Central 23 Industrial Valle De Oro, San Juan del Rio, QUE 76803",https://www.tesla.com/findus/location/charger/dc29158,charger,,
Homewood Suites Queretaro,"Gasa de incorporacion a Carr. Queretaro -San Luis Potosi 631-C, Jurica, Queretaro, QUE 76100",https://www.tesla.com/findus/location/charger/dc26272,charger,,
Hotel Mision La Muralla,"Carretera San Juan del Rio-Amealco km 26 La Muralla, Amealco de Bonfil, QUE 76850",https://www.tesla.com/findus/location/charger/dc33077,charger,,
Plaza Latitud Victoria,"Av Constituyentes 40 zona dos extendida, Mercurio, Queretaro, QUE 76040",https://www.tesla.com/findus/location/charger/dc33202,charger,,
Urban Center Jurica,"5 de Febrero Jurica, Queretaro, QUE 76100",https://www.tesla.com/findus/location/charger/dc32157,charger,,
Urban Center Juriquilla,"Blvd Jurica La Campana 899 Residencial Caletto, Queretaro, QUE 76230",https://www.tesla.com/findus/location/charger/dc32158,charger,,
Andaz Mayakoba Riviera Maya,"Carretera Federal, Carr. Cancun - Tulum Km. 298, Playa del Carmen, ROO 77710",https://www.tesla.com/findus/location/charger/dc81253,charger,,
Bacalar Beach Club,"605 Costera Bacalar Sur 605, Bacalar, Quintana Roo 77930",https://www.tesla.com/findus/location/charger/STE2022022200175,charger,,
Banyan Tree Mayakoba,"Chetumal-Puerto Juarez Riviera Maya Km 298, Playa del Carmen, ROO 77710",https://www.tesla.com/findus/location/charger/dc81254,charger,,
Barrio Latino,"Calle 4 Nte 153 Centro, Playa del Carmen, ROO 77710",https://www.tesla.com/findus/location/charger/dc53404,charger,,
Be Tulum Hotel,"Carretera Tulum-Boca Paila Km.10 Zona Hotelera, Tulum, ROO 77780",https://www.tesla.com/findus/location/charger/dc26654,charger,,
City Express Playa del Carmen,"Av. Balamkanche Lt 4 Mza 30 Playacar Fase II, Playacar, Playa del Carmen, ROO 77710",https://www.tesla.com/findus/location/charger/dc48915,charger,,
Edificio Miranda,"Calle 38 nte, equina calle Flamingos Col. Zazil∩┐╜Ha, Playa del Carmen, ROO 77710",https://www.tesla.com/findus/location/charger/dc83454,charger,,
Fiesta Americana Villas Cancun,"Blvd. Kukulcan Km. 8.5 Lote 3 Zona Hotelera, Cancun, ROO 77500",https://www.tesla.com/findus/location/charger/dc18548,charger,,
Four Points Cancun,"Avenida Tulum, MZ 1 Lote 2 SM 12, Cancun, ROO 77500",https://www.tesla.com/findus/location/charger/dc17444,charger,,
Hotel & Suites Arges,"212 Avenida Lázaro Cárdenas 212, Colonia Centro, Chetumal, Quintana Roo 77000",https://www.tesla.com/findus/location/charger/STE2022011100088,charger,,
Hotel Nizuc Cancun,"Blvd Kukulkan Mz 59 Lote 1-01 Km 21.26, Nizuc, Cancun, ROO 77500",https://www.tesla.com/findus/location/charger/dc19904,charger,,
Hotel One Cancun Centro,"Av. Tulum esq. Banco Chinchorro Mz. 2, Lote 1-01, Supermanzana 13, Cancun, ROO 77504",https://www.tesla.com/findus/location/charger/dc27534,charger,,
La roca Cancun,"Blvd Cumbres Mza 109, Sm 310, Campestre Lol-be, Cancun, ROO 77560",https://www.tesla.com/findus/location/charger/dc19902,charger,,
Los Amigos: Central Park Tulum,"Calle 4 sur mza 20 lote 1 Zona1, Tulum, ROO 77780",https://www.tesla.com/findus/location/charger/dc29424,charger,,
Siempre Playa,"Calle 38 norte, esquina con 10 avenida norte Col. Gonzalo Guerrero, Playa del Carmen, ROO 77720",https://www.tesla.com/findus/location/charger/dc90569,charger,,
Teatro Cirque du Soleil,"Carretera Federal Cancun - Playa del Carmen Km 48 Solidaridad, Playa del Carmen, ROO 77710",https://www.tesla.com/findus/location/charger/dc21150,charger,,
The Explorean Kohunlich,"Carretera Chetumal Escarcega Km. 5.6, Chetumal, ROO 77981",https://www.tesla.com/findus/location/charger/dc26316,charger,,
"Vidanta: The Grand Mayan, Quintana Roo","Carretera Federal Cancun - Playa del Carmen Km. 48 Solidaridad, Playa del Carmen, ROO 77710",https://www.tesla.com/findus/location/charger/dc19905,charger,,
City Express San Luis Potosi Zona Industrial,"Carr. Central Mexico -, Blvd. San Luis 2150 Fracc. Industrias, San Luis Potosi, SLP 78399",https://www.tesla.com/findus/location/charger/dc28569,charger,,
Conrad San Luis Potosi,"Real de Lomas 1015 Lomas 4ta Secc, San Luis Potosi, SLP 78216",https://www.tesla.com/findus/location/charger/dc29204,charger,,
El Dorado Centro Comercial,"Av Nereo Rodri¡guez Barragan 450 Col. del Valle, San Luis Potosi, SLP 78200",https://www.tesla.com/findus/location/charger/dc25703,charger,,
Fiesta Inn San Luis Potosi Glorieta Juarez,"Av. Benito Juarez 130 Fracc. Prados Glorieta, San Luis Potosi, SLP 78390",https://www.tesla.com/findus/location/charger/dc20464,charger,,
Fiesta Inn San Luis Potosi∩┐╜ Oriente,"Carr. 57 km. 197+100 No. 2390 Periferico Oriente Industrias, San Luis Potosi, SLP 78090",https://www.tesla.com/findus/location/charger/dc20465,charger,,
Plaza Chapultepec 1200,"Avenida Chapultepec 1200 Alpes, San Luis Potosi, SLP 78295",https://www.tesla.com/findus/location/charger/dc31789,charger,,
Plaza San Luis,"Blvd. Periferico Sur Antonio Rocha Cordero #700 Fraccionamiento Lomas del Tecnologico, San Luis Potosi, SLP 78216",https://www.tesla.com/findus/location/charger/dc21433,charger,,
Fiesta Inn Culiacan,"J. Diego Valadez No. 1676 Pte., Desarrollo Urbano Tres Rios, Culiacan, SIN 80000",https://www.tesla.com/findus/location/charger/dc25338,charger,,
La Primavera - Club de Golf,"Desarrollo Urbano La Primavera, Culiacan, SIN 80300",https://www.tesla.com/findus/location/charger/dc28939,charger,,
La Primavera - San Anselmo,"Calle San Anselmo Desarrollo Urbano La Primavera, Culiac├ín, SIN 80199",https://www.tesla.com/findus/location/charger/dc28899,charger,,
Elba,"Calle 5 de mayo #901 Colonia la loma, Santa Ana, SON 84600",https://www.tesla.com/findus/location/charger/dc94468,charger,,
Fiesta Americana Hermosillo,"Boulevard Eusebio Kino 369 Lomas de Pitic, Hermosillo, SON 83010",https://www.tesla.com/findus/location/charger/dc24497,charger,,
Fiesta Inn Ciudad Obregon,"Av. Miguel Aleman 755 Zona Norte, Urb. No. 4, Cd Obreg├│n, SON 85000",https://www.tesla.com/findus/location/charger/dc24498,charger,,
Fiesta Inn Hermosillo,"Eusebio Francisco Kino 375 Lomas Pitic,, Hermosillo, SON 83010",https://www.tesla.com/findus/location/charger/dc24496,charger,,
Fiesta Inn Nogales,"Calz. Industrial Nuevo Nogales 3 Nueva Nogales, Nogales, SON 84094",https://www.tesla.com/findus/location/charger/dc51225,charger,,
Hacienda De Los Santos,"Calle Molina 8 Centro, Alamos, SON 85760",https://www.tesla.com/findus/location/charger/dc24634,charger,,
Islas del Mar,"KM 6.5 Carretera Entronque Cerro Prieto km 6.5. S/N, Colonia Centro, Puerto Peñasco, Sonora 83550",https://www.tesla.com/findus/location/charger/STE2022022200166,charger,,
Sonoran Sun Resort,"Camino a la Cholla KM. 4 S/N Col. Costa Diamante, Puerto Penasco, SON 83550",https://www.tesla.com/findus/location/charger/dc17996,charger,,
City Express Nuevo Laredo,"Avenida Cesar Lopez de Lara 3940 Militar II, Nuevo Laredo, Tamaulipas 88289",https://www.tesla.com/findus/location/charger/dc29402,charger,,
Fiesta Inn Nuevo Laredo,"Av. Reforma No.5102 Lagos, Nuevo Laredo, Tamaulipas 88290",https://www.tesla.com/findus/location/charger/dc20703,charger,,
Fiesta Inn Tampico,"Av Hidalgo 6106 Laguna de la Herradura, Tampico, Tamaulipas 89219",https://www.tesla.com/findus/location/charger/dc25702,charger,,
Hotel One Reynosa Valle Alto,"Av. de los Encinos No. 1000 Lomas del Real de Jaranchinas, Reynosa, Tamaulipas 88730",https://www.tesla.com/findus/location/charger/dc24727,charger,,
Val Quirico,"Carretera Xoxtla Km 2 No. 101 Santa Isabel Tetlatlauhca, Nativitas, TLA 90710",https://www.tesla.com/findus/location/charger/dc24052,charger,,
City Express Minatitlan,"Blvd. Instituto Tecnologico Km 711 Lt 39 Mza 28 Col. Nueva Minatitlan, Minatitlan, VER 96760",https://www.tesla.com/findus/location/charger/dc40864,charger,,
Double Tree Hilton Veracruz,"Blvd. Manuel ├üvila Camacho 707 Costa Verde, Veracruz, VER 91900",https://www.tesla.com/findus/location/charger/dc28112,charger,,
Fiesta Americana Veracruz,"Prol. Blvd. Manuel Avila Camacho S/N Col. Fraccionamiento Costa de Oro, Boca del Rio, VER 94299",https://www.tesla.com/findus/location/charger/dc20481,charger,,
Fiesta inn Coatzacoalcos,"Boulevard Costero No. 801 Santa Isabel, Celanese Mexicana, Coatzacoalcos, VER 96538",https://www.tesla.com/findus/location/charger/dc40865,charger,,
Fiesta Inn Poza Rica,"Av. Ej. Mexicano 103 Palma Sola, Poza Rica, VER 93320",https://www.tesla.com/findus/location/charger/dc40863,charger,,
Fiesta Inn Veracruz Boca del Rio,"Prol. Manuel Avila Camacho S/N Fracc. Costa de Oro, Boca del Rio, VER 94299",https://www.tesla.com/findus/location/charger/dc24494,charger,,
Fiesta Inn Veracruz Malec├│n,"General Figueroa 68 Faros, Veracruz, VER 91700",https://www.tesla.com/findus/location/charger/dc24795,charger,,
Fiesta Inn Xalapa,"Carretera Xalapa - Veracruz km 2.5 Fracc. Las Animas, Xalapa Enriquez, VER 91190",https://www.tesla.com/findus/location/charger/dc21297,charger,,
Gamma Fiesta Americana Xalapa Nubara,"Av. Ruiz Cortines 912 Col. Unidad Del Bosque, Xalapa, VER 91010",https://www.tesla.com/findus/location/charger/dc20482,charger,,
Mision Xalapa Plaza de las Convenciones,"Avenida 20 de Noviembre Oriente 455 Modelo, Xalapa Enriquez, VER 91040",https://www.tesla.com/findus/location/charger/dc33208,charger,,
One Xalapa,"Blvd. Cristobal Colon 26 Fracc. Las Animas, Xalapa Enriquez, VER 91190",https://www.tesla.com/findus/location/charger/dc21299,charger,,
Plaza El Dorado,"Carr. Federal Paso del Toro - Boca del Rio -Anton Lizardo 4405 El Novillero, Boca del Rio, VER 94290",https://www.tesla.com/findus/location/charger/dc51605,charger,,
Plaza Valle Orizaba,"Circunvalacion 1430 El Espinal, Orizaba, VER 94330",https://www.tesla.com/findus/location/charger/dc40869,charger,,
Country Hotel & Suites,"184 Calle 42 Núm 184 entre 33 y 35, Colonia Centro, Valladolid, Yucatán 97780",https://www.tesla.com/findus/location/charger/dc874072215,charger,,
Ceiba de la Xtabay,"Calle 33 DiagonalNo. 224 INT. B X 33 Y 35 Colonia Poligono108 Itzimna, Merida, YUC 97143",https://www.tesla.com/findus/location/charger/dc20868,charger,,
Chable Resort & Spa,"San Antonio Chable, Chochola, YUC 97816",https://www.tesla.com/findus/location/charger/dc28940,charger,,
El Castellano Gamma Merida Centro Historico,"Calle 57 #513, 62 y 64 Centro, Merida, YUC 97000",https://www.tesla.com/findus/location/charger/dc22472,charger,,
Hacienda Teya,"Carretera Merida Peto suarez km 12.5 Hacienda Teya, Merida, YUC 97370",https://www.tesla.com/findus/location/charger/dc53611,charger,,
Hotel Mision Merida Panamericana,"Calle 59 455 x 52 y 54, Centro, Merida, YUC 97000",https://www.tesla.com/findus/location/charger/dc29875,charger,,
Plaza Altabrisa,"Calle 7 452 Por 20 y 22 Frac. Altabrisa, Merida, Yucatán 97130",https://www.tesla.com/findus/location/charger/dc23353,charger,,
The Harbor Merida,"Ricardo el Vate Lopez Mendez 61 Zona Industrial, Merida, YUC 97180",https://www.tesla.com/findus/location/charger/dc25151,charger,,
Urban Center Merida,"Avenida Camara de Comercio 174 Monterreal, M├⌐rida, YUC 97133",https://www.tesla.com/findus/location/charger/dc27779,charger,,
Fiesta Inn Zacatecas,"Calzada Heroes de Chapultepec km 13 + 200 La Escondida, Zacatecas, Zacatecas 98160",https://www.tesla.com/findus/location/charger/dc20706,charger,,
Hotel Baruk Teleferico,"Paseo Diaz Ordaz 602 Zacatecas Centro, Zacatecas, Zacatecas 98000",https://www.tesla.com/findus/location/charger/dc33052,charger,,
Mision Zacatecas,"Av. Hidalgo 407 Zacatecas Centro, Zacatecas, Zacatecas 98000",https://www.tesla.com/findus/location/charger/dc29883,charger,,
Spa Hacienda Baruk,"Blvd. Heroes de Chapultepec 801 La Escondida, Zacatecas, Zacatecas 98054",https://www.tesla.com/findus/location/charger/dc33053,charger,,
Fiesta Americana Aguascalientes,"Calle Los Laureles S/N Las Flores, Aguascalientes, AGU 20020",https://www.tesla.com/findus/location/charger/dc20460,super_charger,,
Fiesta Inn Aguascalientes,"Calle Mahatma Gandhi #302 Sur Prados de Villasuncion, Desarrollo Especial Villa Asunci├│n,, Aguascalientes, AGU 20280",https://www.tesla.com/findus/location/charger/dc20461,super_charger,,
One Aguascalientes San Marcos,"Los Laureles No. 404 Fracc. Las Flores, Aguascalientes., AGU 20220",https://www.tesla.com/findus/location/charger/dc20459,super_charger,,
Adobe Guadalupe,"Parcela A-1 s/n Rusa de Guadalupe, Ensenada, Baja California 22750",https://www.tesla.com/findus/location/charger/dc24765,super_charger,,
Bajamar,"Ensenada, Carretera Tijuana - Ensenada Km. 77.5 Bajamar, Ensenada, Baja California 22760",https://www.tesla.com/findus/location/charger/dc26308,super_charger,,
Cantina Hussong's,"Av. Ruiz #113 Zona Centro, Ensenada, Baja California 22800",https://www.tesla.com/findus/location/charger/dc20181,super_charger,,
Casa de Piedra Vinicola,"Carretera Ensenada Tecate Kilometro 93.5 San Antonio de las Minas, Ensenada, Baja California 22761",https://www.tesla.com/findus/location/charger/dc22851,super_charger,,
Cuatro Cuatros,"El Tigre , Carretera libre Tijuana-Ensenada Km. 89 El Sauzal de Rodriguez, Ensenada, Baja California 22760",https://www.tesla.com/findus/location/charger/dc19970,super_charger,,
Estero Beach,"Calle Playas del Estero S/N Ex-Ejido Chapultepec, Ensenada, Baja California 22785 Ensenada",https://www.tesla.com/findus/location/charger/dc19722,super_charger,,
Fiesta Inn Mexicali,"Calzada Adolfo Lopez Mateos 1029 Industrial Centro Civico, Mexicali, Baja California 21000",https://www.tesla.com/findus/location/charger/dc20704,super_charger,,
Fiesta Inn Tijuana Otay Aeropuerto,"Rampa Aeropuerto 16000 La Pechuga, Tijuana, Baja California 22000",https://www.tesla.com/findus/location/charger/dc20696,super_charger,,
Gamma by Fiesta Inn Tijuana,"Blvd. Tijuana 17226 Col. Otay Constituyentes, Tijuana, Baja California 22457",https://www.tesla.com/findus/location/charger/dc20695,super_charger,,
Gran Via Mexicali,"Calzada Cetys Manuel Gomez Morin, Mexicali, Baja California 21254",https://www.tesla.com/findus/location/charger/dc53612,super_charger,,
Holiday Inn Ensenada,"Blancarte No. 151 Col. Centro, Ensenada, Baja California 22800",https://www.tesla.com/findus/location/charger/dc90063,super_charger,,
Hotel Coral & Marina,"Carretera Tijuana-Ensenada Km.103 #3421 Zona Playitas, Ensenada, Baja California 22860",https://www.tesla.com/findus/location/charger/dc42890,super_charger,,
Hyatt Place Tijuana,"10488 Blvd. Agua Caliente 10488, Colonia Aviación, Tijuana, Baja California 22014",https://www.tesla.com/findus/location/charger/STE2022022200154,super_charger,,
Jaz-Baja,"Camino Vecinal sin nombre, fracc. 6B de la fracc. 5 L9 sn El Porvenir, Ensenada, Baja California 22755",https://www.tesla.com/findus/location/charger/dc55065,super_charger,,
La Cabana Del Abuelo,"Tijuana-Mexicali Km. 71.5, La Rumorosa, Baja California 21505",https://www.tesla.com/findus/location/charger/dc44721,super_charger,,
Las Nubes Bodegas y Vinedos,"Callejon Emiliano Zapata Ejido el Porvenir, Valle de Guadalupe, Baja California 22750",https://www.tesla.com/findus/location/charger/dc26738,super_charger,,
Malva Restaurante,"Km 96 carretera Ens Tecate, San Antonio De Las Minas, Baja California 22755",https://www.tesla.com/findus/location/charger/dc21859,super_charger,,
Marina Puerto Salina,"Autopista Tijuana Ensenada KM 73 Abelardo L. Rodriguez, Ensenada, Baja California 22765",https://www.tesla.com/findus/location/charger/dc23509,super_charger,,
Marina San Felipe,"Carretera San Felipe km 4.5 Fondeport, San Felipe, Baja California 21850",https://www.tesla.com/findus/location/charger/dc32936,super_charger,,
Mision Catavina,"Carretera Transpeninsular 179 Conjunto Residencial Catavina, Catavina, Baja California 22965",https://www.tesla.com/findus/location/charger/dc67757,super_charger,,
Mision Santa Maria,"Camino Playa Santa Maria S/N San Quintin, Ensenada, Baja California 22930",https://www.tesla.com/findus/location/charger/dc67756,super_charger,,
Monte Xanic Bodega Vini-cola,"Calle Francisco Zarco S/N Col. Valle de Guadalupe, Ensenada, Baja California 22785",https://www.tesla.com/findus/location/charger/dc21458,super_charger,,
Plaza Paseo la Paz,"Libramiento Sur Daniel Roldan No. 1515 Int. A-1 San Antonio El Zacatal, La Paz, Baja California 23090",https://www.tesla.com/findus/location/charger/dc27440,super_charger,,
Restaurante Heidelberg,"Ave. Fco. I. Madero y Calle H S/N Nueva, Mexicali, Baja California 21100",https://www.tesla.com/findus/location/charger/dc20834,super_charger,,
Rosarito Beach Hotel,"Blvd. Benito Juarez 31 Col Centro, Rosarito, Baja California 22710",https://www.tesla.com/findus/location/charger/dc20809,super_charger,,
Sheraton Los Cabos,"Corredor Turistico Km. 10 Lote D Cabo del Sol, Cabo San Lucas, Baja California 23410",https://www.tesla.com/findus/location/charger/dc17440,super_charger,,
Shimul,"Rancho Pet'ay, Valle de Guadalupe, Baja California 22750",https://www.tesla.com/findus/location/charger/dc35887,super_charger,0.0,0.0
Villa del Valle - Valle de Guadalupe,"Rancho San Marcos Toros Pintos S/N Km 88.300 Francisco Zarco, Ensenada,, Baja California 22750",https://www.tesla.com/findus/location/charger/dc17443,super_charger,,
Vinicola Decantos,"Rancho San Miguel Fraccion A, S/N Ejido El Porvenir, Ensenada, Baja California 22755",https://www.tesla.com/findus/location/charger/dc23030,super_charger,,
Grand Fiesta Americana Los Cabos All Inclusive Golf,"Km 10.3, Carr. Transpeninsular Cabo del Sol, Los Cabos, BCS 23410",https://www.tesla.com/findus/location/charger/dc26315,super_charger,,
Hotel Cuesta Real,"Carret Transpeninsular Km. 132 Las Huertas, Mulege, BCS 23880 Mulege",https://www.tesla.com/findus/location/charger/dc67767,super_charger,,
Hotel Doce Ballenas,"Blvd Benito Juarez esq/ Belisario Dom├¡nguez Centro, Ciudad Insurgentes, Baja California Sur 23700",https://www.tesla.com/findus/location/charger/dc33799,super_charger,,
Hotel La Huerta,"34 Profesor Valdivia, San Ignacio, BCS 23930",https://www.tesla.com/findus/location/charger/dc67765,super_charger,,
Hotel One la Paz,"Nicolas Bravo No.590 Esq. Ignacio Altamirano Zona Central, La Paz, BCS 23000",https://www.tesla.com/findus/location/charger/dc26313,super_charger,,
Hotel Plaza Loreto,"Av. Miguel Hidalgo 2 Col. Centro, Loreto, BCS 23880",https://www.tesla.com/findus/location/charger/dc21429,super_charger,,
Hotel Terrasal,"Blvd.Emiliano Zapata s/n Col. Fundo Legal, Guerrero Negro, BCS 23940",https://www.tesla.com/findus/location/charger/dc67758,super_charger,,
Maria de Nadie Hotel Boutique,"Belisario Dominguez entre Rosaura Zapata e Ignacio Zaragoza, Cd Constitucion, BCS 23600",https://www.tesla.com/findus/location/charger/dc67769,super_charger,,
Paseo Esperanza,"Carretera Transpeninsular Km. 25 Cerro Colorado, San Jose del Cabo, BCS 23400",https://www.tesla.com/findus/location/charger/dc28626,super_charger,,
Patio Plaza Los Cabos,"Carr. Todos Santos - Los Cabos Los Aguajitos, Cabo San Lucas, BCS 23473",https://www.tesla.com/findus/location/charger/dc37536,super_charger,,
Plaza Patio San Jose,"Calle Valerio Gonzalez 137 Campo de Golf Fonatur, Cabo San Lucas, BCS 23400",https://www.tesla.com/findus/location/charger/dc37538,super_charger,,
Solaz Los Cabos,"Corredor Turistico s/n, Km 18.5 Cabo Real, San Jose del Cabo, BCS 23405",https://www.tesla.com/findus/location/charger/dc44708,super_charger,,
Viceroy Los Cabos,"Paseo Malecon San Jose Lote 8 Zona Hotelera, San Jos├⌐ del Cabo, BCS 23400",https://www.tesla.com/findus/location/charger/dc32710,super_charger,,
Villa del Palmar at The Islands of Loreto,"m. 84 Calle Carretera Transpeninsular Ensenada Blanca, Loreto, BCS 23880",https://www.tesla.com/findus/location/charger/dc67768,super_charger,,
Walmart Plateros,"Blvd. Adolfo Lopez Mateos 1701 Lomas de Plateros, Ciudad de Mexico, Benito Juarez 1480",https://www.tesla.com/findus/location/charger/dc20942,super_charger,,
Fiesta Inn Ciudad del Carmen,"Av. Periferico Norte s/n Parque Alameda, Colonia Centro, Ciudad del Carmen, CAM 24170",https://www.tesla.com/findus/location/charger/dc18526,super_charger,,
Fiesta Inn Loft Ciudad del Carmen,"Avenida Luis Donaldo Colosio Esq Calle 20 S/N Miguel de la Madrid, Ciudad del Carmen, CAM 24130",https://www.tesla.com/findus/location/charger/dc20699,super_charger,,
Gamma Campeche Malecon,"Av. Ruiz Cortines No. 51 Col. Centro, Campeche, CAM 24000",https://www.tesla.com/findus/location/charger/dc20701,super_charger,,
Fiesta Inn Tuxtla Gutierrez,"Av. Prolongacion Anillo Circunvalacion Sur 248 Santa Elena, Tuxtla Gutierrez, CHP 29060",https://www.tesla.com/findus/location/charger/dc42093,super_charger,,
Hilton Garden Inn Tuxtla Gutierrez,"Blvd. Belisario Dominguez 1641 Jardines de Tuxtla, Tuxtla Gutierrez, CHP 29020",https://www.tesla.com/findus/location/charger/dc31109,super_charger,,
Hotel San Francisco,"Calle Central Sur Oriente 94 Centro, 16 de Septiembre, Tapachula de Cordova y Ordonez, CHP 30700",https://www.tesla.com/findus/location/charger/dc32937,super_charger,,
Alsuper Freshmarket Santa Fe,"Periferico de La Juventud 990 Haciendas Sta Fe, Chihuahua, CHH 31215",https://www.tesla.com/findus/location/charger/dc23372,super_charger,,
Courtyard by Marriot Chihuahua,"Via Lombardia 5702, Plaza Citadela D1 Col. Saucito, Chihuahua, CHH 31110",https://www.tesla.com/findus/location/charger/dc32542,super_charger,,
Courtyard by Marriott Juarezz,"Mision de los Lagos 9020 Partido Iglesias, Ciudad Juarez, CHH 32668",https://www.tesla.com/findus/location/charger/dc25991,super_charger,,
Edificio Corporativo Vetro D1,"Av. de la Juventud Insurgentes II, Chihuahua, CHH 31207",https://www.tesla.com/findus/location/charger/dc38901,super_charger,,
Fiesta Inn Chihuahua,"Boulevard Antonio Ortiz Mena 2801 Quintas del Sol, Chihuahua, CHH 31250",https://www.tesla.com/findus/location/charger/dc25147,super_charger,,
Fiesta Inn Ciudad Juarez,"Paseo Triunfo de la Republica 3451 Circuito Pronaf, Cd Juarez, CHH 32315",https://www.tesla.com/findus/location/charger/dc25146,super_charger,,
Plaza 3106,"Periferico de la Juventud 3102 Puerta de Hierro, Chihuahua, CHH 31215",https://www.tesla.com/findus/location/charger/dc25913,super_charger,,
Plaza Barrancas,"Bulevar Tomas Fernandez 9050 Campos El iseos, Cd Juarez, CHH 32470",https://www.tesla.com/findus/location/charger/dc35839,super_charger,,
Plaza Cantabria,"Av. Paseo Triunfo de la Republica 5854 Sicomoros, Cd Juarez, CHH 32349",https://www.tesla.com/findus/location/charger/dc35840,super_charger,,
The Lofts,"Avenida de la Juventud 5700 Saucito, Chihuahua, CHH 31110",https://www.tesla.com/findus/location/charger/dc30216,super_charger,,
AC hotel by Marriott Santa Fe,"Juan Salvador Agraz 130 Lomas de Santa Fe, Contadero, Cuajimalpa, CMX 5348",https://www.tesla.com/findus/location/charger/dc29400,super_charger,,
Altezza Palmas,"Av. Paseo de las Palmas 340 Lomas - Virreyes, Lomas de Chapultepec V Secc, Miguel Hidalgo, CMX 11000",https://www.tesla.com/findus/location/charger/dc56853,super_charger,,
Cafe O Lomas,"Calle Monte L├¡bano #245 Lomas de Chapultepec V Secc, Miguel Hidalgo, CMX 11000",https://www.tesla.com/findus/location/charger/dc30901,super_charger,,
Centro Comercial Mundo E,"Manuel Avila Camacho 1007 San Lucas Tepetlacalco, Tlalnepantla, CMX 54055",https://www.tesla.com/findus/location/charger/dc20037,super_charger,,
Centro Dinßmico Pegaso,"Carretera Toluca Naucalpan km 52.5 San Mateo Otzacatipan, Toluca de Lerdo, CMX 50220",https://www.tesla.com/findus/location/charger/dc18769,super_charger,,
City Express Ciudad de Mexico Buenavista,"Insurgentes Nte. 226 Santa Maria la Ribera, Ciudad de Mexico, CMX 6400",https://www.tesla.com/findus/location/charger/dc23057,super_charger,,
Club de Golf Mexico,"Glorieta Sur 64 San Buenaventura, Xochimilco, CMX 14620",https://www.tesla.com/findus/location/charger/dc42720,super_charger,,
Club Deportivo Chapultepec,"Calz. Gral. Mariano Escobedo 665 Polanco, Bosque de Chapultepec I Secc,, Miguel Hdalgo, CMX 11590",https://www.tesla.com/findus/location/charger/dc46369,super_charger,,
COPEMSA Bajio,"Bajio No. 322 Esq. Chilpancingo Roma Sur, Cuauhtemoc, CMX 8760",https://www.tesla.com/findus/location/charger/dc31377,super_charger,,
COPEMSA Etiopia,"Anaxagoras No. 302 Esq. con Morena. Narvarte, Benito Juarez, CMX 11550",https://www.tesla.com/findus/location/charger/dc26536,super_charger,,
COPEMSA Gran Plaza,"Palma Norte No. 37 Centro Historico, Cuauhtemoc, CMX 6000",https://www.tesla.com/findus/location/charger/dc30516,super_charger,,
COPEMSA San Juan,"Aranda No.10 Esq. Ayuntamiento Centro, Cuauhtemoc, CMX 6760",https://www.tesla.com/findus/location/charger/dc31376,super_charger,,
COPEMSA Tolstoi,"Mariano Escobedo No. 726 Esq. Leon Tolstoi Nueva Anzures, Miguel Hidalgo, CMX 11590",https://www.tesla.com/findus/location/charger/dc31379,super_charger,,
COPEMSA Vizcainas,"Plaza de las Vizcainas s/n Eje Central Lazaro Cardena, Cuauhtemoc, CMX 6010",https://www.tesla.com/findus/location/charger/dc30514,super_charger,,
Courtyard Mexico City Airport,"Sinaloa 31 Pe├▒├│n de los Ba├▒os, Venunstiano Carranza, CMX 15520",https://www.tesla.com/findus/location/charger/dc14491,super_charger,,
Downtown Santa Fe,"Av. Santa Fe 428 H2O Zedec Santa Fe., Cuajimalpa, CMX 5349",https://www.tesla.com/findus/location/charger/dc51604,super_charger,,
Fiesta Inn Insurgentes Viaducto,"Av. Insurgentes Sur 553 Escandon I Secc, Benito Juarez, CMX 11800",https://www.tesla.com/findus/location/charger/dc18528,super_charger,,
Fiesta Inn Periferico Sur,"Periferico Sur #5530 Col. Pedregal de Carrasco, Coyoacan, CMX 4700",https://www.tesla.com/findus/location/charger/dc18529,super_charger,,
Fiesta Inn Plaza Central Aeropuerto,"Calle Canal Rio Churubusco 1635 Central de Abasto, Iztapalapa, CMX 9040",https://www.tesla.com/findus/location/charger/dc18531,super_charger,,
German Center,"Av Sta Fe 170 Zedec Sta Fe, Alvaro Obregon, CMX 1219",https://www.tesla.com/findus/location/charger/dc35838,super_charger,,
Gran Sur,"Periferico Sur 5550, Pedregal de Carrasco El Caracol, Coyoacan, CMX 4700",https://www.tesla.com/findus/location/charger/dc61804,super_charger,,
Hotel W,"Campos El├¡seos 252 Polanco, Polanco IV Secc,, Deleg. Miguel Hidalgo, CMX 11560",https://www.tesla.com/findus/location/charger/dc17347,super_charger,,
InterContinental Presidente Santa Fe Mexico,"Juan Salvador Agraz 97 Ave Real, Santa Fe, CMX 5300",https://www.tesla.com/findus/location/charger/dc21301,super_charger,,
Live Aqua Bosques Mexico,"Av. No. Col., Paseo de Los Tamarindos 98 Bosque de las Lomas, Cuajimalpa, CMX 5120",https://www.tesla.com/findus/location/charger/dc17921,super_charger,,
Manacar,"Avenida de los Insurgentes Sur 1457 Insurgentes Mixcoac, Benito Ju├írez, CMX 3230",https://www.tesla.com/findus/location/charger/dc33040,super_charger,,
Pabellon Cuauhtemoc,"Antonio Manuel Anza No. 20 Roma Sur, Cuauhtemoc, CMX 6700",https://www.tesla.com/findus/location/charger/dc31374,super_charger,,
Palacio de Hierro Polanco,"222 Av. Moliere Polanco, Polanco II Secc,, Miguel Hidalgo, CMX 11570",https://www.tesla.com/findus/location/charger/dc17450,super_charger,,
Parque La Mexicana,"Lomas de Santa Fe Contadero, Alvaro Obregon, CMX 1219",https://www.tesla.com/findus/location/charger/dc55496,super_charger,,
Plaza Insurgentes,"San Luis Potosi 214 Roma Nte, Cuauhtemoc, CMX 6700",https://www.tesla.com/findus/location/charger/dc21432,super_charger,,
Plaza Zapamundi,"Avenida Canal de Miramontes 2600-2640 Ciruelos, Coyoacan, CMX 4830",https://www.tesla.com/findus/location/charger/dc29934,super_charger,,
Presidente InterContinental Polanco,"Campos Eliseos 218, Col. Chapultepec Polanco, Polanco IV Secc, Miguel Hidalgo, CMX 11560",https://www.tesla.com/findus/location/charger/dc21300,super_charger,,
Qubica Lomas,"Volcan 150, Lomas - Virreyes Lomas de Chapultepec V Secc, Miguel Hidalgo, CMX 11000",https://www.tesla.com/findus/location/charger/dc39161,super_charger,,
Samara Santa Fe,"Calle Antonio Dovali Jaime, 70 Zedec Santa Fe, Alvaro Obregon, CMX 1219",https://www.tesla.com/findus/location/charger/dc19072,super_charger,,
Sanborn's Barranca del Muerto,"Av. Barranca del Muerto 479 Merced G├│mez, ├ülvaro Obreg├│n, CMX 1600",https://www.tesla.com/findus/location/charger/dc22767,super_charger,,
Sanborn's Colonia del Valle,"Av de los Insurgentes Sur 882 Colonia Del Valle, Benito Juarez, CMX 3810",https://www.tesla.com/findus/location/charger/dc21426,super_charger,,
Sanborn's Las Aguilas,"Calz. de las Aguilas 1350 Col. Puente Colorado, Alvaro Obregon, CMX 1730",https://www.tesla.com/findus/location/charger/dc22766,super_charger,,
Sanborn's Masaryk,"Hegel 345 Chapultepec Morales, Miguel Hidalgo, CMX 11570",https://www.tesla.com/findus/location/charger/dc20923,super_charger,,
Sanborn's Palmas,"Paseo de Las Palmas 781 Lomas de Chapultepec V Secc, Miguel Hidalgo, CMX 11560",https://www.tesla.com/findus/location/charger/dc22739,super_charger,,
Sanborn's San Antonio,"Av Insurgentes Sur 688 Col del Valle Nte, Benito Juarez, CMX 3810",https://www.tesla.com/findus/location/charger/dc21695,super_charger,,
Sanborn's Villa de Cortes,"Calzada de Tlalpan 744 La Moderna, Benito Juarez, CMX 3150",https://www.tesla.com/findus/location/charger/dc23772,super_charger,,
Sanborn's Xochimilco,"Guadalupe I. Ramirez 318 Tepepan San Marcos, Xochimilco, CMX 16050",https://www.tesla.com/findus/location/charger/dc23773,super_charger,,
Sanborn's Xola,"Avenida Xola 1856 Narvarte, Benito Juarez, CMX 3020",https://www.tesla.com/findus/location/charger/dc23771,super_charger,,
Santa Fe Hills,"Av. Vasco de Quiroga 4299 Loma de San Pedro, Ciudad de M├⌐xico, CMX 5370",https://www.tesla.com/findus/location/charger/dc26363,super_charger,,
Sheraton Four Points Roma CDMX,"Av. Alvaro Obregon 38, Roma Nte, Cuauhtemoc, CMX 6700",https://www.tesla.com/findus/location/charger/dc17346,super_charger,,
Sinaloa 195,"Sinaloa 195 Roma Nte, Cuauhtemoc, CMX 6700",https://www.tesla.com/findus/location/charger/dc25998,super_charger,,
Sir Winston Churchill's,"Perif. Blvd. Manuel Avila Camacho 67 Polanco, Lomas de Chapultepec III Secc, Miguel Hidalgo, CMX 11560",https://www.tesla.com/findus/location/charger/dc33407,super_charger,,
Terraza Pedregal,"Anillo Perif. Blvd. Adolfo Lopez Mateos 4132 Jardines del Pedregal, Cuauhtemoc, CMX 1900",https://www.tesla.com/findus/location/charger/dc31375,super_charger,,
Torre Carso Palmas,"Av. Paseo de las Palmas 781 Lomas de Chapultepec V Secc, Miguel Hidalgo, CMX 11560",https://www.tesla.com/findus/location/charger/dc33412,super_charger,,
Torre Optima,"Paseo de las Palmas 405 Lomas de Chapultepec V Secc, Miguel Hidalgo, CMX 11000",https://www.tesla.com/findus/location/charger/dc23374,super_charger,,
Torre Optima 3,"Av. Paseo de las Palmas 425 Lomas de Chapultepec V Secc, Miguel Hidalgo, CMX 11000",https://www.tesla.com/findus/location/charger/dc23376,super_charger,,
Torre Optima II,"Avenida de las Palmas 275 Lomas de Chapultepec V Secc, Miguel Hidalgo, CMX 11000",https://www.tesla.com/findus/location/charger/dc23375,super_charger,,
Torre Reforma 115,"Paseo de La Reforma 115 Lomas de Chapultepec V Secc, Miguel Hidalgo, CMX 11000",https://www.tesla.com/findus/location/charger/dc23377,super_charger,,
Walmart Miramontes,"Av. H. Escuela Naval Militar 753 Cipreses, Ciudad de Mexico, CMX 4890",https://www.tesla.com/findus/location/charger/dc20941,super_charger,,
AlSuper Freshmarket San Patricio,"Blvd. Eulaliio Gutierrez Trevino 1890 Fracc. San Patricio, Saltillo, Coahuila",https://www.tesla.com/findus/location/charger/dc34747,super_charger,,
Bosques de Monterreal,"25350 Arteaga, Coah. Carretera San Antonio de las Alazanas (Coahuila 112) Km 32 s/n, Santa Anita del Penasco, Arteaga, Coahuila 25350",https://www.tesla.com/findus/location/charger/dc49612,super_charger,,
Centro Gastronomico il Mercato,"Blvd. Galerias 375 Los Parques, Saltillo, Coahuila 25279",https://www.tesla.com/findus/location/charger/dc24635,super_charger,,
City Express Saltillo Norte,"Perif. Luis Echeverr├¡a 1630 Col 16, Saltillo, Coahuila 25280",https://www.tesla.com/findus/location/charger/dc29404,super_charger,,
Edden Torre 1,"Boulevard Galerias 375-1 Col Parque Centro 16, Saltillo, Coahuila 25279",https://www.tesla.com/findus/location/charger/dc25215,super_charger,,
Edificio de Salud Integral Maria Parque Centro,"Blvd. Galerias Los Parques, Saltillo, Coahuila 25279",https://www.tesla.com/findus/location/charger/dc24636,super_charger,,
Fiesta Inn Saltillo,"Carretera Saltillo - Monterrey No.6607 Zona Industrial, Saltillo, Coahuila 25270",https://www.tesla.com/findus/location/charger/dc20705,super_charger,,
Gamma Torreon,"Calz. Jose Vasconcelos # 1935 Col. Residencial Tecnologico, Torreon, Coahuila 27272",https://www.tesla.com/findus/location/charger/dc25145,super_charger,,
Hotel City Torreon,"Periferico Raul Lopez Sanchez 5500 Residencial el Fresno, Torre├│n, Coahuila 27018",https://www.tesla.com/findus/location/charger/dc29517,super_charger,,
Hotel Mision Torreon,"Calz Paseo de la Rosita 910 Fracc. de la Rosita, Torre├│n, Coahuila 27250",https://www.tesla.com/findus/location/charger/dc29878,super_charger,,
Hotel One Monclova,"Av. La Salle #1909 Fracc. Jard├¡nes de la Salle,, Monclova, Coahuila 25720",https://www.tesla.com/findus/location/charger/dc25162,super_charger,,
Hotel Rincón del Montero,"KM 3 Carretera Parras-Paila Km. 3, Parras de la Fuente, Coahuila 27980",https://www.tesla.com/findus/location/charger/STE2022022200186,super_charger,,
Nicanor,"Blvd. Independencia 2295 Local 17 Piso 2 San Isidro,, Torreon, Coahuila 27100",https://www.tesla.com/findus/location/charger/dc28719,super_charger,,
Plaza Cuatro Caminos,"Blvd. Independencia 1300 Navarro, Torre├│n, Coahuila 27010",https://www.tesla.com/findus/location/charger/dc28718,super_charger,,
Santa Fe Multigas,"Blvd. Republica Ampliacion 1922 Col. Tecnologico, Piedras Negras, Coahuila 26080",https://www.tesla.com/findus/location/charger/dc85939,super_charger,,
Fiesta Inn Colima,"Prolongacion Camino Real 1101 El Diezmo, Colima, COL 28010",https://www.tesla.com/findus/location/charger/dc22976,super_charger,,
Grand Isla Navidad Resort,"Circuito de los Marinos S/N Fraccionamiento Isla Navidad Manzanillo,, Colima, COL 28838",https://www.tesla.com/findus/location/charger/dc21861,super_charger,,
Hotel Mision Colima,"Blvd. Camino Real No. 999 Col. El Diezmo, Colima, COL 28010",https://www.tesla.com/findus/location/charger/dc29866,super_charger,,
Las Hadas by Brisas,"Av. Vista Hermosa y Av. de los Riscos S/N Pen├¡nsula de Santiago, Manzanillo, COL 28667",https://www.tesla.com/findus/location/charger/dc23141,super_charger,,
Wyndham Garden Hotels Colima,"1100, Lat. Tercera Anillo Periferico Residencial Esmeralda Nte, Colima, COL 28010",https://www.tesla.com/findus/location/charger/dc22975,super_charger,,
Zentralia Colima,"Paseo Miguel de la Madrid Hurtado 301 Valle Dorado, Colima, COL 28018",https://www.tesla.com/findus/location/charger/dc21860,super_charger,,
Plaza Cuicuilco,"Av Insurgentes Sur 3500 Pena Pobre, Manantial Pena Pobre, Tlalpan, CMX 14060",https://www.tesla.com/findus/location/charger/dc20924,super_charger,,
City Express Durango,"Blvrd Francisco Villa 4021 20 de Noviembre, Durango, DUR 34234",https://www.tesla.com/findus/location/charger/dc29853,super_charger,,
Fiesta Inn Durango,"Avenida Felipe Pescador 1401 Esperanza, Durango, DUR 34080",https://www.tesla.com/findus/location/charger/dc32000,super_charger,,
Hotel Gobernador,"Oriente, Av 20 de Noviembre 257 Zona Centro, Durango, DUR 34000",https://www.tesla.com/findus/location/charger/dc96543,super_charger,,
Hotel Mision Express Durango,"Blvrd Francisco Villa 4301 20 de Noviembre, Durango, DUR 34208",https://www.tesla.com/findus/location/charger/dc29882,super_charger,,
Town Square Metepec,"Calle Miguel Hidalgo 682 Residencial la Providencia, Providencia, MEX 52177",https://www.tesla.com/findus/location/charger/dc25150,super_charger,,
Andaro Valle de Bravo,"Av. Del Carmen Lote 4 Fracc 33 Avandaro, Valle de Bravo, MEX 51200",https://www.tesla.com/findus/location/charger/dc18020,super_charger,,
BeGrand Park Bosques,"Blvd. Palmas Hills S/N Col. Hacienda de las Palmas, Huixquilucan, MEX 52763",https://www.tesla.com/findus/location/charger/dc49168,super_charger,,
Bosque Real,"Carretera Mexico Huixquilucan No.180 Bosque Real, Naucalpan de Juarez, MEX 52770",https://www.tesla.com/findus/location/charger/dc18576,super_charger,,
City Express Tepotzotlan,"Autopista Mexico-Queretaro, Km. 42.5 S/N Barrio Texcacoa, Cedros, Tepotzotlan, MEX 54600",https://www.tesla.com/findus/location/charger/dc28572,super_charger,,
Courtyard by Marriott Toluca Airport,"Blvd. Miguel Aleman 177 Reforma, San Nicolas Tolentino Otzacatipan, Toluca, MEX 50200",https://www.tesla.com/findus/location/charger/dc29852,super_charger,,
Courtyard by Marriott Toluca Tollocan,"Calle Paseo Matlatzincas 834 Barrio de Zopilocalco Sur, Toluca, MEX 50120",https://www.tesla.com/findus/location/charger/dc29850,super_charger,,
El Santuario - Valle de Bravo,"Carretera a Colorines Km. 4.5 San Gaspar del Lago, Valle de Bravo, MEX 51200",https://www.tesla.com/findus/location/charger/dc17455,super_charger,,
Espacio Esmeralda,"Vφa Dr. Jorge JimΘnez Cant· s/n Bosque Esmeralda, Cd Lopez Mateos, MEX 52930",https://www.tesla.com/findus/location/charger/dc61792,super_charger,,
Fiesta Inn Cuautitlan,"Av. Chalma Esq. Autopista Mexico-Queretaro Lote 8 Jardines de la Hacienda Norte, Cuautitlan Izcalli, MEX 54700",https://www.tesla.com/findus/location/charger/dc20917,super_charger,,
Fiesta Inn Ecatepec,"Av. 1ro. de Mayo s/n Conjunto Urbano Las Americas, Ecatepec de Morelos, MEX 55076",https://www.tesla.com/findus/location/charger/dc20920,super_charger,,
Fiesta Inn Naucalpan,"Periferico Norte, s/n Alce Blanco, Naucalpan de Juarez, MEX 53370",https://www.tesla.com/findus/location/charger/dc20919,super_charger,,
Fiesta Inn Perinorte,"Carretera Mexico-Queretaro Km. 32.5 esq. Ferrocarrilera Lecheria, Tultitlan, MEX 54900",https://www.tesla.com/findus/location/charger/dc18530,super_charger,,
"Fiesta Inn Tlalnepantla, Ciudad de Mexico","Av. Sor Juana Ines de La Cruz 22 Centro, Tlalnepantla, MEX 54000",https://www.tesla.com/findus/location/charger/dc20918,super_charger,,
Fiesta Inn Toluca Centro,"Calle Ignacio Allende Sur #124 Centro, Toluca, MEX 50000",https://www.tesla.com/findus/location/charger/dc20474,super_charger,,
Fiesta Inn Toluca Tollocan,"Paseo Tollocan Oriente 1132 Col. Santa Ana Tlapaltitl├ín, Toluca, MEX 50160",https://www.tesla.com/findus/location/charger/dc20475,super_charger,,
Fly Across,"Aeropuerto Internacional de Toluca Calle 6 Lt 53, San Pedro Totoltepec, Toluca, MEX 50200",https://www.tesla.com/findus/location/charger/dc27535,super_charger,,
Gran Terraza Lomas Verdes,"Colina de la Paz #25 Fracc. Bulevares, Boulevares, Naucalpan de Ju├írez, MEX 53120",https://www.tesla.com/findus/location/charger/dc29931,super_charger,,
Hotel La Muralla,"Calle Uruapan 62 La Michoacana, Metepec, MEX 52166",https://www.tesla.com/findus/location/charger/dc29862,super_charger,,
Mision Grand Valle de Bravo,"Av. Fontana Brava S/N Avandaro, Valle de Bravo, MEX 51200",https://www.tesla.com/findus/location/charger/dc29880,super_charger,,
One Toluca Aeropuerto,"Boulevard Miguel Alem├ín Manzana 1 San Pedro Totoltepec,, Toluca de Lerdo, MEX 50200",https://www.tesla.com/findus/location/charger/dc25479,super_charger,,
PITS - Valle de Bravo I,"Carr. Valle de Bravo - Toluca Km 11, Almoloya de Juarez Centro, MEX 50900",https://www.tesla.com/findus/location/charger/dc48623,super_charger,,
Plaza Tlalne Fashion Mall,"Avenida Sor Juana Ines de La Cruz 280 San Lorenzo Industrial, San Lorenzo, Tlalnepantla, MEX 54033",https://www.tesla.com/findus/location/charger/dc21430,super_charger,,
The Italian Coffee Company,"Autopista Mexico-Puebla Km. 38 + 200 Col. Basana Canutillo, Ixtapaluca, MEX 56643",https://www.tesla.com/findus/location/charger/dc33080,super_charger,,
TK Terraza Grill,"Calle Fuente de Trevi 4 Lomas de Tecamachalco, Naucalpan de Juarez, MEX 53900",https://www.tesla.com/findus/location/charger/dc23958,super_charger,,
Walmart Alfredo del Mazo,"Blvd Alfredo del Mazo 503 Jardines de Tlacopa, Toluca de Lerdo, MEX 50071",https://www.tesla.com/findus/location/charger/dc20944,super_charger,,
Walmart Jesus Del Monte,"Interlomas 5 Bosque de las Palmas, Huixquilucan de Degollado, MEX 52779",https://www.tesla.com/findus/location/charger/dc20921,super_charger,,
Walmart Satelite,"Cto Centro Comercial 19 Cd. Satelite, Naucalpan de Juarez, MEX 53100",https://www.tesla.com/findus/location/charger/dc20922,super_charger,,
Walmart Nino Obrero,"Av. Nino Obrero 1551 Cd del Sol, Zapopan, Guadalajara 45050",https://www.tesla.com/findus/location/charger/dc20943,super_charger,,
Aloft Celaya,"Eje Nor-Oriente Luis Donaldo Colosio Numero 177 Predio Rustico Santa Rosalia, Celaya, GUA 38080",https://www.tesla.com/findus/location/charger/dc29939,super_charger,,
El Palacio del Tiempo - Corralejo,"Km., Irapuato 40 Luis Donaldo Colosio Murrieta, Santa Ana Pacueco, GUA 36660",https://www.tesla.com/findus/location/charger/dc32846,super_charger,,
Fiesta Inn Celaya,"Carr. Panamericana Km. 5 S/N Quinta Bugambilias, Celaya, GUA 38060",https://www.tesla.com/findus/location/charger/dc20702,super_charger,,
Fiesta Inn Leon,"Boulevard Adolfo Lopez Mateos Oriente 2702 Jardines de Jerez, El Desagae, GUA 37530",https://www.tesla.com/findus/location/charger/dc20462,super_charger,,
G100 Guanajuato,"Plaza Gto Puerto Interior De La Paz 102, Lopez Mateos, Silao, GUA 36275",https://www.tesla.com/findus/location/charger/dc19994,super_charger,,
Hacienda Corralejo,"Ex Hacienda Corralejo SN Estacion Corralejo, Penjamo, GUA 36921",https://www.tesla.com/findus/location/charger/dc32835,super_charger,,
Hampton Inn & Suites by Hilton Salamanca Bajio,"km 100 + 500, Mexico 45 San Vicente de flores, Salamanca, GUA 36875",https://www.tesla.com/findus/location/charger/dc37801,super_charger,,
Hampton Inn by Hilton Leon,"Boulevard Adolfo Lopez Mateos 1717 Colonia Los Gavilanes, Leon, GUA 37270",https://www.tesla.com/findus/location/charger/dc26146,super_charger,,
Hotel Mision Comanjilla,"Congregacion Comanjilla Rancho Agua Caliente, Silao, GUA 36270",https://www.tesla.com/findus/location/charger/dc29867,super_charger,,
Hotel One Celaya,"Carretera Km. 5 s/n Panamericana, Celaya, GUA 38060",https://www.tesla.com/findus/location/charger/dc26534,super_charger,,
MAC Celaya,"Ave. Ferrocarril Central 709 Los Laureles, Celaya, GUA 38020",https://www.tesla.com/findus/location/charger/dc18094,super_charger,,
Mision Grand Casa Colorada,"Cerro de San Miguel 13 Lomas de Pozuelos, Guanajuato, GUA 3600",https://www.tesla.com/findus/location/charger/dc33249,super_charger,,
One Irapuato,"Paseo de la Altiplanicie no. 11 Fracc.Villas de Irapuato, Irapuato, GUA 36670",https://www.tesla.com/findus/location/charger/dc30428,super_charger,,
Plaza Cibeles,"Av Mariano J. Garcia 1443 Quinta las Villas, Irapuato, GUA 36643",https://www.tesla.com/findus/location/charger/dc32159,super_charger,,
Plaza La Luciernaga,"Boulevard Jose Manuel Zavala Z. 165 La Luciernaga, San Miguel de Allende, GUA 37745",https://www.tesla.com/findus/location/charger/dc31867,super_charger,,
"Supermercados Internacionales HEB, S.A. de C.V. Leon","Blvd. Cerro Gordo del Campestre #401 Col. Lomas del Campestre, Leon, GUA 37150",https://www.tesla.com/findus/location/charger/dc18740,super_charger,,
Torre Nebra,"Av Cerro Gordo 414 Centro Comercial, Leon, GUA 37120",https://www.tesla.com/findus/location/charger/dc32952,super_charger,,
100% Natural - Diamante,"Boulevard de las Naciones 1 Granjas del Marques, Acapulco, GRO 39890",https://www.tesla.com/findus/location/charger/dc22855,super_charger,,
Banyan Tree Acapulco,"Boulevard Cabo Marques Lte. 1 Punta Diamante, Acapulco, GRO 39907",https://www.tesla.com/findus/location/charger/dc18737,super_charger,,
Encanto Acapulco,"Jacques Cousteau No 51 Col Brisas del Marques, Acapulco, GRO 39390",https://www.tesla.com/findus/location/charger/dc17759,super_charger,,
Fiesta Americana Acapulco,"Avenida Costera Miguel Aleman 97 Fracc. Club Deportivo, Acapulco, GRO 39690",https://www.tesla.com/findus/location/charger/dc17993,super_charger,,
Galerias Diana,"Av Costera Miguel Alem├ín 1926, Magallanes, Acapulco, GRO 39670",https://www.tesla.com/findus/location/charger/dc39530,super_charger,,
Las Brisas Acapulco,"Escenica 5255 Fracc Marina Brisas, Pichilingue, Acapulco, GRO 39867",https://www.tesla.com/findus/location/charger/dc23142,super_charger,,
Pierre Mundo Imperial,"Costera de las Palmas Granjas del Marques, Acapulco, GRO 39890",https://www.tesla.com/findus/location/charger/dc38363,super_charger,,
Princess Mundo Imperial,"Costera de las Palmas Granjas del Marquez, Acapulco, GRO 39890",https://www.tesla.com/findus/location/charger/dc38345,super_charger,,
"Estacion 012918 ""LMOL""","Mexico-pachuca Carretera Federal Km 62+320 Barrio de Santo Tomas, Tolcayuca, HID 43860",https://www.tesla.com/findus/location/charger/dc28239,super_charger,,
Fiesta Inn Pachuca Gran Patio,"Blvd Luis Donaldo Colosio 2009 Los Jales, Pachuca, HID 42064",https://www.tesla.com/findus/location/charger/dc20477,super_charger,,
Gamma Pachuca,"Carretera Mexico Pachuca km. 85.5 Venta Prieta, Pachuca, HID 42080",https://www.tesla.com/findus/location/charger/dc20478,super_charger,,
Los Cochinitos Pachuca,"Carr. Federal Pachuca - Mexico km 52, Pachuca, HID 76837",https://www.tesla.com/findus/location/charger/dc31110,super_charger,,
Hotel Lindo Ajijic,"17A Ángel Flores 17A, Las Salvias, Ajijic, Jalisco 45920",https://www.tesla.com/findus/location/charger/dc874040789,super_charger,,
Aeropuerto Guadalajara,"Carr. Guadalajara Chapala Km 17.5, Guadalajara, JAL 45659",https://www.tesla.com/findus/location/charger/dc20680,super_charger,,
Aerotron Guadalajara,"Hangar 1 Aeropuerto Internacional, Miguel Hidalgo, JAL 45659",https://www.tesla.com/findus/location/charger/dc26736,super_charger,,
Aerotron Vallarta,"Hangar Aeropuerto Puerto Vallarta 1 Villa Las Flores,, Puerto Vallarta, JAL 48335",https://www.tesla.com/findus/location/charger/dc26737,super_charger,,
Cafe Barbera Providencia,"Av. Providencia 2848 Providencia 4a. Seccion, Providencia 4a. Secc, Guadalajara, JAL 44639",https://www.tesla.com/findus/location/charger/dc28430,super_charger,,
Campestre los Encinos,"Carretera Tapalpa a Guadalajara Km 2.5, Tapalpa, JAL 49340",https://www.tesla.com/findus/location/charger/dc26416,super_charger,,
Cortijo Las Ca├▒adas,"San Isidro Sur S/N Las Ca├▒adas, Zapopan, JAL 45206",https://www.tesla.com/findus/location/charger/dc35613,super_charger,,
El Fogon del Pibe,"Av Adolfo Lopez Mateos Sur 4545 Boyero, Zapopa, JAL 45070",https://www.tesla.com/findus/location/charger/dc55049,super_charger,,
Eleganzza Auto Spa,"Diagonal Golfo de Cortes 2875 Vallarta Nte, Guadalajara, JAL 44690",https://www.tesla.com/findus/location/charger/dc55555,super_charger,,
Fiesta Americana Guadalajara,"Av. Aurelio Aceves No. 225 Vallarta Poniente, Guadalajara, JAL 44110",https://www.tesla.com/findus/location/charger/dc18533,super_charger,,
Fiesta Americana Puerto Vallarta All Inclusive & Spa,"Av. Francisco Medina Ascencio Km. 2.5 Zona Hotelera,, Puerto Vallarta, JAL 48333",https://www.tesla.com/findus/location/charger/dc20457,super_charger,,
Fiesta Inn Guadalajara Expo,"Avenida Mariano Otero 1550 Col. Rinconada del Sol, Guadalajara, JAL 45055",https://www.tesla.com/findus/location/charger/dc18534,super_charger,,
Gran Terraza Belenes,"Av. Laureles 1300 Parque Industrial Belenes,, Zapopan, JAL 45138",https://www.tesla.com/findus/location/charger/dc29936,super_charger,,
Hacienda del Lago Boutique Hotel & Restaurant,"Independencia 63 Centro,, Ajijic, JAL 45920",https://www.tesla.com/findus/location/charger/dc75436,super_charger,,
Icon Tower 23,"Av. Empresarios 255 Puerta de Hierro, Zapopan, JAL 45116",https://www.tesla.com/findus/location/charger/dc33457,super_charger,,
Illy Cafe,"Av. Providencia 2969b Providencia 4a. Secc, Guadalajara, JAL 44630",https://www.tesla.com/findus/location/charger/dc20360,super_charger,,
La Gourmeteria,"Av. Lopez Mateos 1710 Col. Santa Isabel, Tlajomulco de Zuniga, JAL 45645",https://www.tesla.com/findus/location/charger/dc42118,super_charger,,
Landmark Guadalajara,"Av. Patria 188 Puerta de Hierro, Zapopan, JAL 45116",https://www.tesla.com/findus/location/charger/dc25148,super_charger,,
Punto Patrimonio,"Av Pablo Neruda 2842-B Providencia 4a. Secc, Guadalajara, JAL 44639",https://www.tesla.com/findus/location/charger/dc35612,super_charger,,
Quinta del Bosque,"Vicente Guerrero 100 La Prepa, Mazamitla, JAL 49500",https://www.tesla.com/findus/location/charger/dc46368,super_charger,,
Sal de Mar,"Calle Jose Maria Morelos 1360 Americana, Guadalajara, JAL 44160",https://www.tesla.com/findus/location/charger/dc26726,super_charger,,
Serviplaza Circunvalacion,"Av. Cvln. Division del Nte., Esq. Av de los Normalistas Colinas de La Normal, Guadalajara, JAL 44270",https://www.tesla.com/findus/location/charger/dc32002,super_charger,,
Torre MIL,"Av. de las Americas 1500 Country Club, Guadalajara, JAL 44610",https://www.tesla.com/findus/location/charger/dc17397,super_charger,,
Torre MIl500,"Av. de las Americas 1500 Country Club, Guadalajara, JAL 44610",https://www.tesla.com/findus/location/charger/dc29514,super_charger,,
Urban Center Guadalajara,"Av. Adolfo Lopez Mateos Sur 7000 La Rioja, Los Gavilanes, Tlajomulco de Zuniga, JAL 45643",https://www.tesla.com/findus/location/charger/dc27778,super_charger,,
Walmart Vallarta,"Av. Vallarta 5455 Camichines Vallarta, Zapopan, JAL 45030",https://www.tesla.com/findus/location/charger/dc20925,super_charger,,
Querétaro Centro de Congresos,"1531 Paseo de las Artes, Santiago de Querétaro, Querétaro 76090",https://www.tesla.com/findus/location/charger/453076,super_charger,,
Universidad Aeronáutica en Querétaro,"22154 Carr. Querétaro-Tequisquiapan, Santiago de Querétaro, Querétaro 76278",https://www.tesla.com/findus/location/charger/453323,super_charger,,
"Centenaria Y Benemérita Escuela Normal del Estado De Querétaro ""Andrés Balvanera""","76090 San Mateo, Santiago de Querétaro, Querétaro",https://www.tesla.com/findus/location/charger/453324,super_charger,,
Auditorio Josefa Ortiz de Domínguez,"S/N Sierra de Zimapán, Santiago de Querétaro, Querétaro 76000",https://www.tesla.com/findus/location/charger/453325,super_charger,,
Altozano Morelia,"Avenida Montana Monarca 1000 Montana Monarca, Morelia, MIC 58350",https://www.tesla.com/findus/location/charger/dc20694,super_charger,,
Escala Morelia,"Perif. Paseo de la Republica 5030 Jardines del Rincon, Morelia, MIC 58270",https://www.tesla.com/findus/location/charger/dc38865,super_charger,,
Espacio Morelia,"Av.Lic.Enrique Ram├¡rez Miguel S/N Col.Las Americas, Morelia, MIC 58270",https://www.tesla.com/findus/location/charger/dc38864,super_charger,,
Holiday inn Morelia,"Periferico Paseo DE LA Republica, Perif. Paseo de la Republica 3466 Terrazas del Campestre, Morelia, MIC 58295",https://www.tesla.com/findus/location/charger/dc38866,super_charger,,
Hotel Gamma Belo Morelia,"Av. Camelinas 2938 Cinco de Diciembre, Morelia, MIC 58280",https://www.tesla.com/findus/location/charger/dc31737,super_charger,,
100% Natural - Cuernavaca,"Diana 14 Delicias, Cuernavaca, MOR 62330",https://www.tesla.com/findus/location/charger/dc21098,super_charger,,
"Anticavilla Restaurant, Hotel & SPA","Rio Amacuzac # 10, esquina Chilpancingo Colonia Vista Hermosa, Cuernavaca, MOR 62290",https://www.tesla.com/findus/location/charger/dc22288,super_charger,,
Averanda Cuernavaca,"Cuernavaca - Ciudad de Mexico Villas del Lago, Cuernavaca, MOR 62374",https://www.tesla.com/findus/location/charger/dc23915,super_charger,,
Centro Comercial Lomas de Cocoyoc,"Boulevard Lomas de Cocoyoc No 1 Bis Lomas de Cocoyoc, Oaxtepec, MOR 62847",https://www.tesla.com/findus/location/charger/dc23242,super_charger,,
Centro Novatec,"Lomas de Cocoyoc Atlatlahucan, Morelos, MEX 62738",https://www.tesla.com/findus/location/charger/dc23243,super_charger,,
Club Campestre Lomas de Cocoyoc,"Club Campestre Cocoyoc Col Tizapan, San Angel, Atlatlahuacan, MOR 62840",https://www.tesla.com/findus/location/charger/dc21953,super_charger,,
Fiesta Americana Hacienda San Antonio El Puente,"Reforma 2 Fracc. Real del Puente, Xochitepec, MOR 62790",https://www.tesla.com/findus/location/charger/dc20452,super_charger,,
Fiesta Inn Cuernavaca,"Carretera Mexico - Acapulco Km. 88 S/N Delicias, Cuernavaca, MOR 62330",https://www.tesla.com/findus/location/charger/dc20453,super_charger,,
Hosteria las Quintas,"Av. Gustavo Diaz Ordaz, 9 Colonia Cantarranas, Cuernavaca, MOR 62448",https://www.tesla.com/findus/location/charger/dc32271,super_charger,,
Hotel Hacienda Cocoyoc,"Carretera Federal Cuernavaca- Cuautla Km 32.5 Cocoyoc Centro, Yautepec, MOR 62736",https://www.tesla.com/findus/location/charger/dc23245,super_charger,,
Hotel Villa Bejar Tequesquitengo,"Blvr Tequesquitengo esq Lomas Tropicales, Tequesquitengo, MOR 62915",https://www.tesla.com/findus/location/charger/dc25397,super_charger,,
Jardines de Mexico,"Km 129 Carretera Mexico-Acapulco 95D Jojutla, Jojutla, MOR 62908",https://www.tesla.com/findus/location/charger/dc19906,super_charger,,
Los Cochinitos Cuernavaca,"Carretera Mexico-Acapulco Km. 88,400 Delicias, Cuernavaca, MOR 62330",https://www.tesla.com/findus/location/charger/dc31111,super_charger,,
Fiesta Inn Tepic,"Blvd. Luis Donaldo Colosio 580 Benito Juarez Ote., Subcentro Urbano, Tepic, NAY 63175",https://www.tesla.com/findus/location/charger/dc24500,super_charger,,
St. Regis Punta Mita,"The St. Regis Punta Mita Resort Lote H4 Condominio Maestro Ramal, Carretera Federal 200 KM 19.5, Punta Mita, NAY 63734",https://www.tesla.com/findus/location/charger/dc17454,super_charger,,
7Eleven LEED,"Av. Eugenio Garza Sada Sur 2620 Tecnologico, Monterrey, NLE 64700",https://www.tesla.com/findus/location/charger/dc70776,super_charger,,
Avanta Gardens Monterrey,"Avenida Jose Vasconselos 755 Pte Los Sabinos, Monterrey, NLE 66226",https://www.tesla.com/findus/location/charger/dc19901,super_charger,,
Best Western Aeropuerto,"Boulevard Aeropuerto 5001 Parque Industrial Milenio, Apodaca, NLE 66600",https://www.tesla.com/findus/location/charger/dc25740,super_charger,,
Best Western Bazarell Inn,"Ave. Capitan Alonso de Le├│n Km 206 Col. Gil de Leyva, Montemorelos, NLE 67500",https://www.tesla.com/findus/location/charger/dc22849,super_charger,,
Best Western Plus Monterrey Airport,"Carretera Miquel Aleman Km 18.5, Monterrey, NLE 66600",https://www.tesla.com/findus/location/charger/dc33929,super_charger,,
Cafe Sierra Norte,"Carretera Nacional #1601 Norte San Javier, Centro de Allende, Cd de Allende, NLE 67350",https://www.tesla.com/findus/location/charger/dc58246,super_charger,,
Calzad401 Monterrey,"Calzada 401 Ote. Colonia Del Valle, San Pedro Garza Garcia, NLE 66220",https://www.tesla.com/findus/location/charger/dc21415,super_charger,,
Chroma Monterrey,"Av. Ricardo Margain Zozaya 315 Zona Santa Engracia, San Pedro Garza Garc├¡a, NLE 66267",https://www.tesla.com/findus/location/charger/dc24492,super_charger,,
Club de Industriales,"Av. Parte Aguas 698 Los Arcangeles, Zona Loma Larga Poniente, San Pedro Garza Garci¡a, NLE 66266",https://www.tesla.com/findus/location/charger/dc62201,super_charger,,
Club Sonoma,"Camino al Mirador 5800 Fraccionamiento Club Sonoma Residencial, Monterrey, NLE 64925",https://www.tesla.com/findus/location/charger/dc29731,super_charger,,
Fiesta Americana Monterrey Pabellon,"Avenida Presidente Benito Juarez Oriente 1102 Centro, Monterrey, NLE 64000",https://www.tesla.com/findus/location/charger/dc18538,super_charger,,
Fiesta Inn Monterrey Fundidora,"Av. Churubusco #701, Esq. Prolongacio Av. Madero Col. Fierro, Monterrey, NLE 64590",https://www.tesla.com/findus/location/charger/dc18540,super_charger,,
Fiesta Inn Monterrey Valle,"Av. Lazaro Cardenas 327 Ote., Valle Oriente,, San Pedro Garza Garcia, NLE 66269",https://www.tesla.com/findus/location/charger/dc18536,super_charger,,
Galerias Valle Oriente,"Av Lazaro Cardenas 1000 Paseo de Las Privanzas, Monterrey, NLE 64700",https://www.tesla.com/findus/location/charger/dc33205,super_charger,,
Innovasport HQ,"Av. Humberto Lobo 540 Colonia del Valle, San Pedro, Garza Garcia,, NLE 66220",https://www.tesla.com/findus/location/charger/dc49864,super_charger,,
Innovasport San Pedro Plus,"Av. Humberto Lobo 540 Colonia del Valle, San Pedro Garza Garcia, NLE 66220",https://www.tesla.com/findus/location/charger/dc38870,super_charger,,
Las Misiones Club Campestre,"Antiguio Camino a Villa de Santiago No.300 El Cerrito, Las Misiones, Santiago, NLE 67301",https://www.tesla.com/findus/location/charger/dc23091,super_charger,,
Latitud,"Av L├ízaro C├írdenas 2225 Valle Oriente, Monterrey, NLE 66260",https://www.tesla.com/findus/location/charger/dc31705,super_charger,,
Metropolitan Center,"Lazaro Cardenas 2400 Haciendas de La Sierra, Lazaro Cardenas, Monterrey, NLE 66278",https://www.tesla.com/findus/location/charger/dc21149,super_charger,,
Movic Records,"Av. Humberto Lobo 2000 Col. Del Valle, Monterrey, NLE 66220",https://www.tesla.com/findus/location/charger/dc23393,super_charger,,
Nuevo Sur,"Avenida Revolucion 2703 Ladrillera, Monterrey, NLE 64830",https://www.tesla.com/findus/location/charger/dc31133,super_charger,,
One Monterrey Aeropuerto,"Blvd. Aeropuerto 10 Parque industrial Milenio, Cd Apodaca, NLE 66600",https://www.tesla.com/findus/location/charger/dc18543,super_charger,,
Paseo Almenares,"Av Sendero Divisorio Anahuac Sendero, San Nicolas de los Garza, NLE 66417",https://www.tesla.com/findus/location/charger/dc34807,super_charger,,
Plaza 100,"Ave. Manuel Gomez Morin 100 Carrizalejo, San Pedro Garza Garcia, NLE 66245",https://www.tesla.com/findus/location/charger/dc22734,super_charger,,
Plaza Cumbres,"Calle Alejandro de Rodas Bosques de Las Cumbres, Monterrey, NLE 64619",https://www.tesla.com/findus/location/charger/dc33203,super_charger,,
Plaza El Encino,"Paseo de las Americas #2101 Contry Sol 2do Sector, Guadalupe, NLE 67174",https://www.tesla.com/findus/location/charger/dc31565,super_charger,,
Plaza Fiesta San Agustin,"Av. Real San Augustin # 222 Colonia Real de San Agustin, San Pedro Garza Garcia, NLE 66260",https://www.tesla.com/findus/location/charger/dc35610,super_charger,,
Plaza Tanarah,"Av. Jose Vasconcelos 345 Santa Engracia, San Pedro Garza Garc├¡a, NLE 66267",https://www.tesla.com/findus/location/charger/dc24181,super_charger,,
Pueblo Serena,"Carretera Nacional 500 Valle Alto, Monterrey, NLE 64989",https://www.tesla.com/findus/location/charger/dc25340,super_charger,,
Pueblo Serena II,"Carretera Nacional 500 Valle Alto, Monterrey, NLE 64989",https://www.tesla.com/findus/location/charger/dc41419,super_charger,,
Sheraton Ambassador Monterrey,"Miguel Hidalgo 310 Ote Centro, Monterrey, NLE 64000",https://www.tesla.com/findus/location/charger/dc17452,super_charger,,
"Supermercados Internacionales HEB, S.A. de C.V.","Gomez Morin #300 Col. Valle Campestre, San Pedro Garza Garcia, NLE 66278",https://www.tesla.com/findus/location/charger/dc28893,super_charger,,
Taller Veganico / Pan Benell / Autocity,"Plutarco Elias Calles 419 Barrio Tampiquito, T, San Pedro Garza Garcia, NLE 66240",https://www.tesla.com/findus/location/charger/dc24934,super_charger,,
Torre BH,"Blvd. Antonio L. Rodriguez 2100 Santa Maria, Monterrey, NLE 64650",https://www.tesla.com/findus/location/charger/dc30644,super_charger,,
Walmart las Torres,"Avenida Eugenio Garza Sada 6101 Las Brisas, Monterrey, NLE 64780",https://www.tesla.com/findus/location/charger/dc20947,super_charger,,
Fiesta Inn Oaxaca,"Av. Universidad 140 Ex-Hacienda de Candiani, Oaxaca, OAX 68130",https://www.tesla.com/findus/location/charger/dc20476,super_charger,,
Hotel Mision Oaxaca San Felipe,"Av. Jalisco 15 San Felipe Del Agua,, Oaxaca, OAX 68020",https://www.tesla.com/findus/location/charger/dc29876,super_charger,,
Africam Safari,"Blvd. Cap. Carlos Camacho Espφritu Km 16.5 Oasis, Puebla, PUE 72960",https://www.tesla.com/findus/location/charger/dc26305,super_charger,,
Africam Safari II,"Boulevard Capitan Carlos Camacho Espiritu Km 16.5 Oasis, Puebla, PUE 72960",https://www.tesla.com/findus/location/charger/dc55158,super_charger,,
Casona Maria Puebla,"Calle 3 Oriente 1414 Barrio de Analco, Puebla, PUE 72500",https://www.tesla.com/findus/location/charger/dc17453,super_charger,,
City Express Puebla Angelopolis,"Cto Juan Pablo II 1755 Reserva Territorial Atlixcayotl, La Noria, x, Puebla, PUE 72410",https://www.tesla.com/findus/location/charger/dc23055,super_charger,,
City Express Puebla Centro,"Calle 10 Nte. 1406 Del Alto, Barrio del Alto,, Puebla, PUE 72000",https://www.tesla.com/findus/location/charger/dc23056,super_charger,,
City Express Suites Puebla Autopista,"Lateral Autopista Mexico Puebla #7533 Moratilla, Puebla, PUE 72110",https://www.tesla.com/findus/location/charger/dc23053,super_charger,,
Courtyard by Marriott Puebla Las Animas,"Av. Manuel Espinosa Yglesias 31 Pte. 3333 Villas de Atlixco, Puebla, PUE 72400",https://www.tesla.com/findus/location/charger/dc28890,super_charger,,
Espacio la Vista,"Atlixcßyotl 3204 Tlaxcalancingo, Puebla, PUE 72810",https://www.tesla.com/findus/location/charger/dc61795,super_charger,,
Fiesta Americana Grand Puebla,"Parque Milenium, Calle Osa Mayor 2507 Reserva Territorial Atlixcayotl, Puebla, PUE 72190",https://www.tesla.com/findus/location/charger/dc20480,super_charger,,
Fiesta Inn Las Animas Puebla,"Atlixco Col. Las Animas, Puebla, PUE 72400",https://www.tesla.com/findus/location/charger/dc19263,super_charger,,
Fiesta Inn Puebla FINSA,"Carretera Lateral Autopista Mexico-Puebla 7735 Rancho Moratilla, Puebla, PUE 72110",https://www.tesla.com/findus/location/charger/dc20454,super_charger,,
Hotel One Puebla FINSA,"Lateral Sur Aut. Mexico Puebla No.55 Guadalupe Victoria, Puebla, PUE 72710",https://www.tesla.com/findus/location/charger/dc20455,super_charger,,
Hotel Villa Florida Puebla,"Blvrd Atlixcayotl 1100 Reserva Territorial Atlixcayotl, Puebla, PUE 72810",https://www.tesla.com/findus/location/charger/dc35032,super_charger,,
Komplex Puebla,"BLVD MUNICIPIO LIBRE 1943 COL. EXHDA MAYORAZGO, Puebla, PUE 72480",https://www.tesla.com/findus/location/charger/dc30219,super_charger,,
Los Cochinitos,"Carretera Mexico-Puebla Km. 112-800 San Francisco Ocotlan, San Francisco Ocotlan, PUE 72680",https://www.tesla.com/findus/location/charger/dc28431,super_charger,,
Marriott Puebla Hotel Meson del Angel,"Boulevard Hermanos Serdin 807 Las Fuentes de Puebla, Puebla, PUE 72116",https://www.tesla.com/findus/location/charger/dc25336,super_charger,,
Mision Grand Ex-Hacienda de Chautla,"Camino Ex Hacienda de Chautla San Lucas el Grande, San Salvador el Verde, PUE 74135",https://www.tesla.com/findus/location/charger/dc29865,super_charger,,
Plaza los Arcangeles y Chedraui Selecto,"Lateral sur via Atlixcayotl 6510 San Bernandino, San Andres Cholula, PUE 72820",https://www.tesla.com/findus/location/charger/dc29021,super_charger,,
Plaza Mazarik,"Boulevard Atlixcayotl 1501 Reserva Territorial Atlixcayotl, Puebla, PUE 72810",https://www.tesla.com/findus/location/charger/dc27655,super_charger,,
Plaza Meson 810 y Hotel Staybridge Puebla,"Blvd. Hermanos Serdan 810 Col. El Riego Sur, Puebla, PUE 72020",https://www.tesla.com/findus/location/charger/dc19697,super_charger,,
Plaza Solesta Puebla,"Atlixcayotl 4931 Reserva Territorial Atlixcayotl, Puebla, PUE 72197",https://www.tesla.com/findus/location/charger/dc33201,super_charger,,
Rosewood Puebla,"Calle 10 Nte. 1402 Barrio del Alto, Puebla, PUE 72000",https://www.tesla.com/findus/location/charger/dc30325,super_charger,,
Aires de Campo Queretaro,"Paseo de Jurica No. 340 LB Jurica, Santiago de Queretaro, QUE 76100",https://www.tesla.com/findus/location/charger/dc22270,super_charger,,
Best Western Tequisquiapan,"Heroico Colegio Militar 7, Fundadores de Hacienda Grande Centro, Tequisquiapan, QUE 76750",https://www.tesla.com/findus/location/charger/dc46766,super_charger,,
City Express Jurica,"Av. 5 de Febrero No. 9200-A Col Parque Industrial Benito Juarez, Santiago de Queretaro, QUE 76100",https://www.tesla.com/findus/location/charger/dc28571,super_charger,,
Domun Hotel,"Carretera Federal 57 Mexico-Queretaro #1085 Col. Quintas del Marques, Queretaro, MEX 76047",https://www.tesla.com/findus/location/charger/dc24188,super_charger,,
El Caserio,"Av. Constituyentes 101 Pte Casa Blanca, Santiago de Queretaro, QUE 76030",https://www.tesla.com/findus/location/charger/dc25183,super_charger,,
Esfera Queretaro,"Autopista Queretaro-Celaya Km. 0.600 No. 5501 Col., Jardines de la Hacienda, Quer├⌐taro, QUE 76180",https://www.tesla.com/findus/location/charger/dc38868,super_charger,,
Fiesta Americana Hacienda Galindo,"Carretera Amealco-Galindo Km 5.5 Galindo,, San Juan del Rio, QUE 76820",https://www.tesla.com/findus/location/charger/dc20447,super_charger,,
Fiesta Inn Queretaro Centro Sur,"Boulevard Bernardo Quintana Arroja 7001 Col. Centro Sur, Queretaro, QUE 76090",https://www.tesla.com/findus/location/charger/dc20451,super_charger,,
Grand Fiesta Americana Queretaro,"Blvd. Bernardo Quintana Arrioja 4050 Col. Alamos 3a Seccion, Queretaro, QUE 76160",https://www.tesla.com/findus/location/charger/dc20449,super_charger,,
Hacienda Jurica by Brisas,"Paseo de Jurica 618 Hacienda Jurica, Jurica, QUE 76100",https://www.tesla.com/findus/location/charger/dc17398,super_charger,,
Holiday Inn Express San Juan Del Rio,"Paseo Central 23 Industrial Valle De Oro, San Juan del Rio, QUE 76803",https://www.tesla.com/findus/location/charger/dc29158,super_charger,,
Homewood Suites Queretaro,"Gasa de incorporacion a Carr. Queretaro -San Luis Potosi 631-C, Jurica, Queretaro, QUE 76100",https://www.tesla.com/findus/location/charger/dc26272,super_charger,,
Hotel Mision La Muralla,"Carretera San Juan del Rio-Amealco km 26 La Muralla, Amealco de Bonfil, QUE 76850",https://www.tesla.com/findus/location/charger/dc33077,super_charger,,
Plaza Latitud Victoria,"Av Constituyentes 40 zona dos extendida, Mercurio, Queretaro, QUE 76040",https://www.tesla.com/findus/location/charger/dc33202,super_charger,,
Urban Center Jurica,"5 de Febrero Jurica, Queretaro, QUE 76100",https://www.tesla.com/findus/location/charger/dc32157,super_charger,,
Urban Center Juriquilla,"Blvd Jurica La Campana 899 Residencial Caletto, Queretaro, QUE 76230",https://www.tesla.com/findus/location/charger/dc32158,super_charger,,
Andaz Mayakoba Riviera Maya,"Carretera Federal, Carr. Cancun - Tulum Km. 298, Playa del Carmen, ROO 77710",https://www.tesla.com/findus/location/charger/dc81253,super_charger,,
Bacalar Beach Club,"605 Costera Bacalar Sur 605, Bacalar, Quintana Roo 77930",https://www.tesla.com/findus/location/charger/STE2022022200175,super_charger,,
Banyan Tree Mayakoba,"Chetumal-Puerto Juarez Riviera Maya Km 298, Playa del Carmen, ROO 77710",https://www.tesla.com/findus/location/charger/dc81254,super_charger,,
Barrio Latino,"Calle 4 Nte 153 Centro, Playa del Carmen, ROO 77710",https://www.tesla.com/findus/location/charger/dc53404,super_charger,,
Be Tulum Hotel,"Carretera Tulum-Boca Paila Km.10 Zona Hotelera, Tulum, ROO 77780",https://www.tesla.com/findus/location/charger/dc26654,super_charger,,
City Express Playa del Carmen,"Av. Balamkanche Lt 4 Mza 30 Playacar Fase II, Playacar, Playa del Carmen, ROO 77710",https://www.tesla.com/findus/location/charger/dc48915,super_charger,,
Edificio Miranda,"Calle 38 nte, equina calle Flamingos Col. Zazil∩┐╜Ha, Playa del Carmen, ROO 77710",https://www.tesla.com/findus/location/charger/dc83454,super_charger,,
Fiesta Americana Villas Cancun,"Blvd. Kukulcan Km. 8.5 Lote 3 Zona Hotelera, Cancun, ROO 77500",https://www.tesla.com/findus/location/charger/dc18548,super_charger,,
Four Points Cancun,"Avenida Tulum, MZ 1 Lote 2 SM 12, Cancun, ROO 77500",https://www.tesla.com/findus/location/charger/dc17444,super_charger,,
Hotel & Suites Arges,"212 Avenida Lázaro Cárdenas 212, Colonia Centro, Chetumal, Quintana Roo 77000",https://www.tesla.com/findus/location/charger/STE2022011100088,super_charger,,
Hotel Nizuc Cancun,"Blvd Kukulkan Mz 59 Lote 1-01 Km 21.26, Nizuc, Cancun, ROO 77500",https://www.tesla.com/findus/location/charger/dc19904,super_charger,,
Hotel One Cancun Centro,"Av. Tulum esq. Banco Chinchorro Mz. 2, Lote 1-01, Supermanzana 13, Cancun, ROO 77504",https://www.tesla.com/findus/location/charger/dc27534,super_charger,,
La roca Cancun,"Blvd Cumbres Mza 109, Sm 310, Campestre Lol-be, Cancun, ROO 77560",https://www.tesla.com/findus/location/charger/dc19902,super_charger,,
Los Amigos: Central Park Tulum,"Calle 4 sur mza 20 lote 1 Zona1, Tulum, ROO 77780",https://www.tesla.com/findus/location/charger/dc29424,super_charger,,
Siempre Playa,"Calle 38 norte, esquina con 10 avenida norte Col. Gonzalo Guerrero, Playa del Carmen, ROO 77720",https://www.tesla.com/findus/location/charger/dc90569,super_charger,,
Teatro Cirque du Soleil,"Carretera Federal Cancun - Playa del Carmen Km 48 Solidaridad, Playa del Carmen, ROO 77710",https://www.tesla.com/findus/location/charger/dc21150,super_charger,,
The Explorean Kohunlich,"Carretera Chetumal Escarcega Km. 5.6, Chetumal, ROO 77981",https://www.tesla.com/findus/location/charger/dc26316,super_charger,,
"Vidanta: The Grand Mayan, Quintana Roo","Carretera Federal Cancun - Playa del Carmen Km. 48 Solidaridad, Playa del Carmen, ROO 77710",https://www.tesla.com/findus/location/charger/dc19905,super_charger,,
City Express San Luis Potosi Zona Industrial,"Carr. Central Mexico -, Blvd. San Luis 2150 Fracc. Industrias, San Luis Potosi, SLP 78399",https://www.tesla.com/findus/location/charger/dc28569,super_charger,,
Conrad San Luis Potosi,"Real de Lomas 1015 Lomas 4ta Secc, San Luis Potosi, SLP 78216",https://www.tesla.com/findus/location/charger/dc29204,super_charger,,
El Dorado Centro Comercial,"Av Nereo Rodri¡guez Barragan 450 Col. del Valle, San Luis Potosi, SLP 78200",https://www.tesla.com/findus/location/charger/dc25703,super_charger,,
Fiesta Inn San Luis Potosi Glorieta Juarez,"Av. Benito Juarez 130 Fracc. Prados Glorieta, San Luis Potosi, SLP 78390",https://www.tesla.com/findus/location/charger/dc20464,super_charger,,
Fiesta Inn San Luis Potosi∩┐╜ Oriente,"Carr. 57 km. 197+100 No. 2390 Periferico Oriente Industrias, San Luis Potosi, SLP 78090",https://www.tesla.com/findus/location/charger/dc20465,super_charger,,
Plaza Chapultepec 1200,"Avenida Chapultepec 1200 Alpes, San Luis Potosi, SLP 78295",https://www.tesla.com/findus/location/charger/dc31789,super_charger,,
Plaza San Luis,"Blvd. Periferico Sur Antonio Rocha Cordero #700 Fraccionamiento Lomas del Tecnologico, San Luis Potosi, SLP 78216",https://www.tesla.com/findus/location/charger/dc21433,super_charger,,
Fiesta Inn Culiacan,"J. Diego Valadez No. 1676 Pte., Desarrollo Urbano Tres Rios, Culiacan, SIN 80000",https://www.tesla.com/findus/location/charger/dc25338,super_charger,,
La Primavera - Club de Golf,"Desarrollo Urbano La Primavera, Culiacan, SIN 80300",https://www.tesla.com/findus/location/charger/dc28939,super_charger,,
La Primavera - San Anselmo,"Calle San Anselmo Desarrollo Urbano La Primavera, Culiac├ín, SIN 80199",https://www.tesla.com/findus/location/charger/dc28899,super_charger,,
Elba,"Calle 5 de mayo #901 Colonia la loma, Santa Ana, SON 84600",https://www.tesla.com/findus/location/charger/dc94468,super_charger,,
Fiesta Americana Hermosillo,"Boulevard Eusebio Kino 369 Lomas de Pitic, Hermosillo, SON 83010",https://www.tesla.com/findus/location/charger/dc24497,super_charger,,
Fiesta Inn Ciudad Obregon,"Av. Miguel Aleman 755 Zona Norte, Urb. No. 4, Cd Obreg├│n, SON 85000",https://www.tesla.com/findus/location/charger/dc24498,super_charger,,
Fiesta Inn Hermosillo,"Eusebio Francisco Kino 375 Lomas Pitic,, Hermosillo, SON 83010",https://www.tesla.com/findus/location/charger/dc24496,super_charger,,
Fiesta Inn Nogales,"Calz. Industrial Nuevo Nogales 3 Nueva Nogales, Nogales, SON 84094",https://www.tesla.com/findus/location/charger/dc51225,super_charger,,
Hacienda De Los Santos,"Calle Molina 8 Centro, Alamos, SON 85760",https://www.tesla.com/findus/location/charger/dc24634,super_charger,,
Islas del Mar,"KM 6.5 Carretera Entronque Cerro Prieto km 6.5. S/N, Colonia Centro, Puerto Peñasco, Sonora 83550",https://www.tesla.com/findus/location/charger/STE2022022200166,super_charger,,
Sonoran Sun Resort,"Camino a la Cholla KM. 4 S/N Col. Costa Diamante, Puerto Penasco, SON 83550",https://www.tesla.com/findus/location/charger/dc17996,super_charger,,
City Express Nuevo Laredo,"Avenida Cesar Lopez de Lara 3940 Militar II, Nuevo Laredo, Tamaulipas 88289",https://www.tesla.com/findus/location/charger/dc29402,super_charger,,
Fiesta Inn Nuevo Laredo,"Av. Reforma No.5102 Lagos, Nuevo Laredo, Tamaulipas 88290",https://www.tesla.com/findus/location/charger/dc20703,super_charger,,
Fiesta Inn Tampico,"Av Hidalgo 6106 Laguna de la Herradura, Tampico, Tamaulipas 89219",https://www.tesla.com/findus/location/charger/dc25702,super_charger,,
Hotel One Reynosa Valle Alto,"Av. de los Encinos No. 1000 Lomas del Real de Jaranchinas, Reynosa, Tamaulipas 88730",https://www.tesla.com/findus/location/charger/dc24727,super_charger,,
Val Quirico,"Carretera Xoxtla Km 2 No. 101 Santa Isabel Tetlatlauhca, Nativitas, TLA 90710",https://www.tesla.com/findus/location/charger/dc24052,super_charger,,
City Express Minatitlan,"Blvd. Instituto Tecnologico Km 711 Lt 39 Mza 28 Col. Nueva Minatitlan, Minatitlan, VER 96760",https://www.tesla.com/findus/location/charger/dc40864,super_charger,,
Double Tree Hilton Veracruz,"Blvd. Manuel ├üvila Camacho 707 Costa Verde, Veracruz, VER 91900",https://www.tesla.com/findus/location/charger/dc28112,super_charger,,
Fiesta Americana Veracruz,"Prol. Blvd. Manuel Avila Camacho S/N Col. Fraccionamiento Costa de Oro, Boca del Rio, VER 94299",https://www.tesla.com/findus/location/charger/dc20481,super_charger,,
Fiesta inn Coatzacoalcos,"Boulevard Costero No. 801 Santa Isabel, Celanese Mexicana, Coatzacoalcos, VER 96538",https://www.tesla.com/findus/location/charger/dc40865,super_charger,,
Fiesta Inn Poza Rica,"Av. Ej. Mexicano 103 Palma Sola, Poza Rica, VER 93320",https://www.tesla.com/findus/location/charger/dc40863,super_charger,,
Fiesta Inn Veracruz Boca del Rio,"Prol. Manuel Avila Camacho S/N Fracc. Costa de Oro, Boca del Rio, VER 94299",https://www.tesla.com/findus/location/charger/dc24494,super_charger,,
Fiesta Inn Veracruz Malec├│n,"General Figueroa 68 Faros, Veracruz, VER 91700",https://www.tesla.com/findus/location/charger/dc24795,super_charger,,
Fiesta Inn Xalapa,"Carretera Xalapa - Veracruz km 2.5 Fracc. Las Animas, Xalapa Enriquez, VER 91190",https://www.tesla.com/findus/location/charger/dc21297,super_charger,,
Gamma Fiesta Americana Xalapa Nubara,"Av. Ruiz Cortines 912 Col. Unidad Del Bosque, Xalapa, VER 91010",https://www.tesla.com/findus/location/charger/dc20482,super_charger,,
Mision Xalapa Plaza de las Convenciones,"Avenida 20 de Noviembre Oriente 455 Modelo, Xalapa Enriquez, VER 91040",https://www.tesla.com/findus/location/charger/dc33208,super_charger,,
One Xalapa,"Blvd. Cristobal Colon 26 Fracc. Las Animas, Xalapa Enriquez, VER 91190",https://www.tesla.com/findus/location/charger/dc21299,super_charger,,
Plaza El Dorado,"Carr. Federal Paso del Toro - Boca del Rio -Anton Lizardo 4405 El Novillero, Boca del Rio, VER 94290",https://www.tesla.com/findus/location/charger/dc51605,super_charger,,
Plaza Valle Orizaba,"Circunvalacion 1430 El Espinal, Orizaba, VER 94330",https://www.tesla.com/findus/location/charger/dc40869,super_charger,,
Country Hotel & Suites,"184 Calle 42 Núm 184 entre 33 y 35, Colonia Centro, Valladolid, Yucatán 97780",https://www.tesla.com/findus/location/charger/dc874072215,super_charger,,
Ceiba de la Xtabay,"Calle 33 DiagonalNo. 224 INT. B X 33 Y 35 Colonia Poligono108 Itzimna, Merida, YUC 97143",https://www.tesla.com/findus/location/charger/dc20868,super_charger,,
Chable Resort & Spa,"San Antonio Chable, Chochola, YUC 97816",https://www.tesla.com/findus/location/charger/dc28940,super_charger,,
El Castellano Gamma Merida Centro Historico,"Calle 57 #513, 62 y 64 Centro, Merida, YUC 97000",https://www.tesla.com/findus/location/charger/dc22472,super_charger,,
Hacienda Teya,"Carretera Merida Peto suarez km 12.5 Hacienda Teya, Merida, YUC 97370",https://www.tesla.com/findus/location/charger/dc53611,super_charger,,
Hotel Mision Merida Panamericana,"Calle 59 455 x 52 y 54, Centro, Merida, YUC 97000",https://www.tesla.com/findus/location/charger/dc29875,super_charger,,
Plaza Altabrisa,"Calle 7 452 Por 20 y 22 Frac. Altabrisa, Merida, Yucatán 97130",https://www.tesla.com/findus/location/charger/dc23353,super_charger,,
The Harbor Merida,"Ricardo el Vate Lopez Mendez 61 Zona Industrial, Merida, YUC 97180",https://www.tesla.com/findus/location/charger/dc25151,super_charger,,
Urban Center Merida,"Avenida Camara de Comercio 174 Monterreal, M├⌐rida, YUC 97133",https://www.tesla.com/findus/location/charger/dc27779,super_charger,,
Fiesta Inn Zacatecas,"Calzada Heroes de Chapultepec km 13 + 200 La Escondida, Zacatecas, Zacatecas 98160",https://www.tesla.com/findus/location/charger/dc20706,super_charger,,
Hotel Baruk Teleferico,"Paseo Diaz Ordaz 602 Zacatecas Centro, Zacatecas, Zacatecas 98000",https://www.tesla.com/findus/location/charger/dc33052,super_charger,,
Mision Zacatecas,"Av. Hidalgo 407 Zacatecas Centro, Zacatecas, Zacatecas 98000",https://www.tesla.com/findus/location/charger/dc29883,super_charger,,
Spa Hacienda Baruk,"Blvd. Heroes de Chapultepec 801 La Escondida, Zacatecas, Zacatecas 98054",https://www.tesla.com/findus/location/charger/dc33053,super_charger,,
